<?xml version="1.0" encoding="UTF-8"?>
<manifest xmlns="http://www.imsglobal.org/xsd/imscp_v1p1" xmlns:imsmd="http://www.imsglobal.org/xsd/imsmd_v1p2" xmlns:imsqti="http://www.imsglobal.org/xsd/imsqti_item_v2p0" xmlns:xsi="http://www.w3.org/2001/XMLSchema-instance" identifier="question_category_6---http-__swent0.asu.edu_moodle" xsi:schemaLocation="http://www.imsglobal.org/xsd/imscp_v1p1 imscp_v1p1.xsd   http://www.imsglobal.org/xsd/imsmd_v1p2 imsmd_v1p2p2.xsd  http://www.imsglobal.org/xsd/imsqti_item_v2p0 ./imsqti_item_v2p0.xsd">
	<metadata>
		<schema>ADL SCORM</schema>
		<schemaversion>1.2</schemaversion>
		<lom xmlns="http://www.imsglobal.org/xsd/imsmd_v1p2" 
     			xmlns:xsi="http://www.w3.org/2001/XMLSchema-instance" 
     			xsi:schemaLocation="http://www.imsglobal.org/xsd/imsmd_v1p2 imsmd_v1p2p2.xsd">
     		<general>
				<title><langstring xml:lang="en_utf8">question_category_6</langstring></title>
				<description><langstring xml:lang="en_utf8">All questions in category 6</langstring></description>
				<keyword><langstring xml:lang="en_utf8"></langstring></keyword>
			</general>
		</lom>
   			</metadata>
	<organizations/>
	<resources>
    			<resource identifier="category6-question32" type="imsqti_item_xmlv2p0" href="./category6-question32.xml">
			<metadata>
				<schema>IMS QTI Item</schema>
				<schemaversion>2.0</schemaversion>
				<imsmd:lom>
					<imsmd:general>
						<imsmd:identifier>category6-question32</imsmd:identifier>
						<imsmd:title>
							<imsmd:langstring xml:lang="en_utf8">Estimates: distrust</imsmd:langstring>
						</imsmd:title>
						<imsmd:description>
							<imsmd:langstring xml:lang="en">Question 32 from category 6</imsmd:langstring>
						</imsmd:description>
					</imsmd:general>
					<imsmd:lifecycle>
						<imsmd:version>
							<imsmd:langstring xml:lang="en">1.0</imsmd:langstring>
						</imsmd:version>
						<imsmd:status>
							<imsmd:source>
								<imsmd:langstring xml:lang="en">LOMv1.0</imsmd:langstring>
							</imsmd:source>
							<imsmd:value>
								<imsmd:langstring xml:lang="en">Draft</imsmd:langstring>
							</imsmd:value>
						</imsmd:status>
					</imsmd:lifecycle>
				</imsmd:lom>
				<imsqti:qtiMetadata>
					<imsqti:timeDependent>false</imsqti:timeDependent>
					<imsqti:interactionType>textInteraction</imsqti:interactionType>
					<imsqti:canComputerScore>true</imsqti:canComputerScore>
					<imsqti:feedbackType>nonadaptive</imsqti:feedbackType>
					<imsqti:solutionAvailable>true</imsqti:solutionAvailable>
				</imsqti:qtiMetadata>
			</metadata>
						
		</resource>
				<resource identifier="category6-question15" type="imsqti_item_xmlv2p0" href="./category6-question15.xml">
			<metadata>
				<schema>IMS QTI Item</schema>
				<schemaversion>2.0</schemaversion>
				<imsmd:lom>
					<imsmd:general>
						<imsmd:identifier>category6-question15</imsmd:identifier>
						<imsmd:title>
							<imsmd:langstring xml:lang="en_utf8">EV and SW Dev</imsmd:langstring>
						</imsmd:title>
						<imsmd:description>
							<imsmd:langstring xml:lang="en">Question 15 from category 6</imsmd:langstring>
						</imsmd:description>
					</imsmd:general>
					<imsmd:lifecycle>
						<imsmd:version>
							<imsmd:langstring xml:lang="en">1.0</imsmd:langstring>
						</imsmd:version>
						<imsmd:status>
							<imsmd:source>
								<imsmd:langstring xml:lang="en">LOMv1.0</imsmd:langstring>
							</imsmd:source>
							<imsmd:value>
								<imsmd:langstring xml:lang="en">Draft</imsmd:langstring>
							</imsmd:value>
						</imsmd:status>
					</imsmd:lifecycle>
				</imsmd:lom>
				<imsqti:qtiMetadata>
					<imsqti:timeDependent>false</imsqti:timeDependent>
					<imsqti:interactionType>textInteraction</imsqti:interactionType>
					<imsqti:canComputerScore>true</imsqti:canComputerScore>
					<imsqti:feedbackType>nonadaptive</imsqti:feedbackType>
					<imsqti:solutionAvailable>true</imsqti:solutionAvailable>
				</imsqti:qtiMetadata>
			</metadata>
						
		</resource>
				<resource identifier="category6-question13" type="imsqti_item_xmlv2p0" href="./category6-question13.xml">
			<metadata>
				<schema>IMS QTI Item</schema>
				<schemaversion>2.0</schemaversion>
				<imsmd:lom>
					<imsmd:general>
						<imsmd:identifier>category6-question13</imsmd:identifier>
						<imsmd:title>
							<imsmd:langstring xml:lang="en_utf8">EV essay</imsmd:langstring>
						</imsmd:title>
						<imsmd:description>
							<imsmd:langstring xml:lang="en">Question 13 from category 6</imsmd:langstring>
						</imsmd:description>
					</imsmd:general>
					<imsmd:lifecycle>
						<imsmd:version>
							<imsmd:langstring xml:lang="en">1.0</imsmd:langstring>
						</imsmd:version>
						<imsmd:status>
							<imsmd:source>
								<imsmd:langstring xml:lang="en">LOMv1.0</imsmd:langstring>
							</imsmd:source>
							<imsmd:value>
								<imsmd:langstring xml:lang="en">Draft</imsmd:langstring>
							</imsmd:value>
						</imsmd:status>
					</imsmd:lifecycle>
				</imsmd:lom>
				<imsqti:qtiMetadata>
					<imsqti:timeDependent>false</imsqti:timeDependent>
					<imsqti:interactionType>textInteraction</imsqti:interactionType>
					<imsqti:canComputerScore>true</imsqti:canComputerScore>
					<imsqti:feedbackType>nonadaptive</imsqti:feedbackType>
					<imsqti:solutionAvailable>true</imsqti:solutionAvailable>
				</imsqti:qtiMetadata>
			</metadata>
						
		</resource>
				<resource identifier="category6-question160" type="imsqti_item_xmlv2p0" href="./category6-question160.xml">
			<metadata>
				<schema>IMS QTI Item</schema>
				<schemaversion>2.0</schemaversion>
				<imsmd:lom>
					<imsmd:general>
						<imsmd:identifier>category6-question160</imsmd:identifier>
						<imsmd:title>
							<imsmd:langstring xml:lang="en_utf8">EXAM: Diamond</imsmd:langstring>
						</imsmd:title>
						<imsmd:description>
							<imsmd:langstring xml:lang="en">Question 160 from category 6</imsmd:langstring>
						</imsmd:description>
					</imsmd:general>
					<imsmd:lifecycle>
						<imsmd:version>
							<imsmd:langstring xml:lang="en">1.0</imsmd:langstring>
						</imsmd:version>
						<imsmd:status>
							<imsmd:source>
								<imsmd:langstring xml:lang="en">LOMv1.0</imsmd:langstring>
							</imsmd:source>
							<imsmd:value>
								<imsmd:langstring xml:lang="en">Draft</imsmd:langstring>
							</imsmd:value>
						</imsmd:status>
					</imsmd:lifecycle>
				</imsmd:lom>
				<imsqti:qtiMetadata>
					<imsqti:timeDependent>false</imsqti:timeDependent>
					<imsqti:interactionType>textInteraction</imsqti:interactionType>
					<imsqti:canComputerScore>true</imsqti:canComputerScore>
					<imsqti:feedbackType>nonadaptive</imsqti:feedbackType>
					<imsqti:solutionAvailable>true</imsqti:solutionAvailable>
				</imsqti:qtiMetadata>
			</metadata>
						
		</resource>
				<resource identifier="category6-question158" type="imsqti_item_xmlv2p0" href="./category6-question158.xml">
			<metadata>
				<schema>IMS QTI Item</schema>
				<schemaversion>2.0</schemaversion>
				<imsmd:lom>
					<imsmd:general>
						<imsmd:identifier>category6-question158</imsmd:identifier>
						<imsmd:title>
							<imsmd:langstring xml:lang="en_utf8">EXAM: PM1</imsmd:langstring>
						</imsmd:title>
						<imsmd:description>
							<imsmd:langstring xml:lang="en">Question 158 from category 6</imsmd:langstring>
						</imsmd:description>
					</imsmd:general>
					<imsmd:lifecycle>
						<imsmd:version>
							<imsmd:langstring xml:lang="en">1.0</imsmd:langstring>
						</imsmd:version>
						<imsmd:status>
							<imsmd:source>
								<imsmd:langstring xml:lang="en">LOMv1.0</imsmd:langstring>
							</imsmd:source>
							<imsmd:value>
								<imsmd:langstring xml:lang="en">Draft</imsmd:langstring>
							</imsmd:value>
						</imsmd:status>
					</imsmd:lifecycle>
				</imsmd:lom>
				<imsqti:qtiMetadata>
					<imsqti:timeDependent>false</imsqti:timeDependent>
					<imsqti:interactionType>textInteraction</imsqti:interactionType>
					<imsqti:canComputerScore>true</imsqti:canComputerScore>
					<imsqti:feedbackType>nonadaptive</imsqti:feedbackType>
					<imsqti:solutionAvailable>true</imsqti:solutionAvailable>
				</imsqti:qtiMetadata>
			</metadata>
						
		</resource>
				<resource identifier="category6-question159" type="imsqti_item_xmlv2p0" href="./category6-question159.xml">
			<metadata>
				<schema>IMS QTI Item</schema>
				<schemaversion>2.0</schemaversion>
				<imsmd:lom>
					<imsmd:general>
						<imsmd:identifier>category6-question159</imsmd:identifier>
						<imsmd:title>
							<imsmd:langstring xml:lang="en_utf8">EXAM: PM2</imsmd:langstring>
						</imsmd:title>
						<imsmd:description>
							<imsmd:langstring xml:lang="en">Question 159 from category 6</imsmd:langstring>
						</imsmd:description>
					</imsmd:general>
					<imsmd:lifecycle>
						<imsmd:version>
							<imsmd:langstring xml:lang="en">1.0</imsmd:langstring>
						</imsmd:version>
						<imsmd:status>
							<imsmd:source>
								<imsmd:langstring xml:lang="en">LOMv1.0</imsmd:langstring>
							</imsmd:source>
							<imsmd:value>
								<imsmd:langstring xml:lang="en">Draft</imsmd:langstring>
							</imsmd:value>
						</imsmd:status>
					</imsmd:lifecycle>
				</imsmd:lom>
				<imsqti:qtiMetadata>
					<imsqti:timeDependent>false</imsqti:timeDependent>
					<imsqti:interactionType>textInteraction</imsqti:interactionType>
					<imsqti:canComputerScore>true</imsqti:canComputerScore>
					<imsqti:feedbackType>nonadaptive</imsqti:feedbackType>
					<imsqti:solutionAvailable>true</imsqti:solutionAvailable>
				</imsqti:qtiMetadata>
			</metadata>
						
		</resource>
				<resource identifier="category6-question157" type="imsqti_item_xmlv2p0" href="./category6-question157.xml">
			<metadata>
				<schema>IMS QTI Item</schema>
				<schemaversion>2.0</schemaversion>
				<imsmd:lom>
					<imsmd:general>
						<imsmd:identifier>category6-question157</imsmd:identifier>
						<imsmd:title>
							<imsmd:langstring xml:lang="en_utf8">EXAM: TaskPlanningScheduling1</imsmd:langstring>
						</imsmd:title>
						<imsmd:description>
							<imsmd:langstring xml:lang="en">Question 157 from category 6</imsmd:langstring>
						</imsmd:description>
					</imsmd:general>
					<imsmd:lifecycle>
						<imsmd:version>
							<imsmd:langstring xml:lang="en">1.0</imsmd:langstring>
						</imsmd:version>
						<imsmd:status>
							<imsmd:source>
								<imsmd:langstring xml:lang="en">LOMv1.0</imsmd:langstring>
							</imsmd:source>
							<imsmd:value>
								<imsmd:langstring xml:lang="en">Draft</imsmd:langstring>
							</imsmd:value>
						</imsmd:status>
					</imsmd:lifecycle>
				</imsmd:lom>
				<imsqti:qtiMetadata>
					<imsqti:timeDependent>false</imsqti:timeDependent>
					<imsqti:interactionType>textInteraction</imsqti:interactionType>
					<imsqti:canComputerScore>true</imsqti:canComputerScore>
					<imsqti:feedbackType>nonadaptive</imsqti:feedbackType>
					<imsqti:solutionAvailable>true</imsqti:solutionAvailable>
				</imsqti:qtiMetadata>
			</metadata>
						
		</resource>
				<resource identifier="category6-question156" type="imsqti_item_xmlv2p0" href="./category6-question156.xml">
			<metadata>
				<schema>IMS QTI Item</schema>
				<schemaversion>2.0</schemaversion>
				<imsmd:lom>
					<imsmd:general>
						<imsmd:identifier>category6-question156</imsmd:identifier>
						<imsmd:title>
							<imsmd:langstring xml:lang="en_utf8">EXAM: Test2</imsmd:langstring>
						</imsmd:title>
						<imsmd:description>
							<imsmd:langstring xml:lang="en">Question 156 from category 6</imsmd:langstring>
						</imsmd:description>
					</imsmd:general>
					<imsmd:lifecycle>
						<imsmd:version>
							<imsmd:langstring xml:lang="en">1.0</imsmd:langstring>
						</imsmd:version>
						<imsmd:status>
							<imsmd:source>
								<imsmd:langstring xml:lang="en">LOMv1.0</imsmd:langstring>
							</imsmd:source>
							<imsmd:value>
								<imsmd:langstring xml:lang="en">Draft</imsmd:langstring>
							</imsmd:value>
						</imsmd:status>
					</imsmd:lifecycle>
				</imsmd:lom>
				<imsqti:qtiMetadata>
					<imsqti:timeDependent>false</imsqti:timeDependent>
					<imsqti:interactionType>textInteraction</imsqti:interactionType>
					<imsqti:canComputerScore>true</imsqti:canComputerScore>
					<imsqti:feedbackType>nonadaptive</imsqti:feedbackType>
					<imsqti:solutionAvailable>true</imsqti:solutionAvailable>
				</imsqti:qtiMetadata>
			</metadata>
						
		</resource>
				<resource identifier="category6-question58" type="imsqti_item_xmlv2p0" href="./category6-question58.xml">
			<metadata>
				<schema>IMS QTI Item</schema>
				<schemaversion>2.0</schemaversion>
				<imsmd:lom>
					<imsmd:general>
						<imsmd:identifier>category6-question58</imsmd:identifier>
						<imsmd:title>
							<imsmd:langstring xml:lang="en_utf8">DEFECTS: Definitions</imsmd:langstring>
						</imsmd:title>
						<imsmd:description>
							<imsmd:langstring xml:lang="en">Question 58 from category 6</imsmd:langstring>
						</imsmd:description>
					</imsmd:general>
					<imsmd:lifecycle>
						<imsmd:version>
							<imsmd:langstring xml:lang="en">1.0</imsmd:langstring>
						</imsmd:version>
						<imsmd:status>
							<imsmd:source>
								<imsmd:langstring xml:lang="en">LOMv1.0</imsmd:langstring>
							</imsmd:source>
							<imsmd:value>
								<imsmd:langstring xml:lang="en">Draft</imsmd:langstring>
							</imsmd:value>
						</imsmd:status>
					</imsmd:lifecycle>
				</imsmd:lom>
				<imsqti:qtiMetadata>
					<imsqti:timeDependent>false</imsqti:timeDependent>
					<imsqti:interactionType>matchInteraction</imsqti:interactionType>
					<imsqti:canComputerScore>true</imsqti:canComputerScore>
					<imsqti:feedbackType>nonadaptive</imsqti:feedbackType>
					<imsqti:solutionAvailable>true</imsqti:solutionAvailable>
				</imsqti:qtiMetadata>
			</metadata>
						
		</resource>
				<resource identifier="category6-question33" type="imsqti_item_xmlv2p0" href="./category6-question33.xml">
			<metadata>
				<schema>IMS QTI Item</schema>
				<schemaversion>2.0</schemaversion>
				<imsmd:lom>
					<imsmd:general>
						<imsmd:identifier>category6-question33</imsmd:identifier>
						<imsmd:title>
							<imsmd:langstring xml:lang="en_utf8">Estimation: methods</imsmd:langstring>
						</imsmd:title>
						<imsmd:description>
							<imsmd:langstring xml:lang="en">Question 33 from category 6</imsmd:langstring>
						</imsmd:description>
					</imsmd:general>
					<imsmd:lifecycle>
						<imsmd:version>
							<imsmd:langstring xml:lang="en">1.0</imsmd:langstring>
						</imsmd:version>
						<imsmd:status>
							<imsmd:source>
								<imsmd:langstring xml:lang="en">LOMv1.0</imsmd:langstring>
							</imsmd:source>
							<imsmd:value>
								<imsmd:langstring xml:lang="en">Draft</imsmd:langstring>
							</imsmd:value>
						</imsmd:status>
					</imsmd:lifecycle>
				</imsmd:lom>
				<imsqti:qtiMetadata>
					<imsqti:timeDependent>false</imsqti:timeDependent>
					<imsqti:interactionType>matchInteraction</imsqti:interactionType>
					<imsqti:canComputerScore>true</imsqti:canComputerScore>
					<imsqti:feedbackType>nonadaptive</imsqti:feedbackType>
					<imsqti:solutionAvailable>true</imsqti:solutionAvailable>
				</imsqti:qtiMetadata>
			</metadata>
						
		</resource>
				<resource identifier="category6-question34" type="imsqti_item_xmlv2p0" href="./category6-question34.xml">
			<metadata>
				<schema>IMS QTI Item</schema>
				<schemaversion>2.0</schemaversion>
				<imsmd:lom>
					<imsmd:general>
						<imsmd:identifier>category6-question34</imsmd:identifier>
						<imsmd:title>
							<imsmd:langstring xml:lang="en_utf8">Estimation: Reasons for poor estimates</imsmd:langstring>
						</imsmd:title>
						<imsmd:description>
							<imsmd:langstring xml:lang="en">Question 34 from category 6</imsmd:langstring>
						</imsmd:description>
					</imsmd:general>
					<imsmd:lifecycle>
						<imsmd:version>
							<imsmd:langstring xml:lang="en">1.0</imsmd:langstring>
						</imsmd:version>
						<imsmd:status>
							<imsmd:source>
								<imsmd:langstring xml:lang="en">LOMv1.0</imsmd:langstring>
							</imsmd:source>
							<imsmd:value>
								<imsmd:langstring xml:lang="en">Draft</imsmd:langstring>
							</imsmd:value>
						</imsmd:status>
					</imsmd:lifecycle>
				</imsmd:lom>
				<imsqti:qtiMetadata>
					<imsqti:timeDependent>false</imsqti:timeDependent>
					<imsqti:interactionType>matchInteraction</imsqti:interactionType>
					<imsqti:canComputerScore>true</imsqti:canComputerScore>
					<imsqti:feedbackType>nonadaptive</imsqti:feedbackType>
					<imsqti:solutionAvailable>true</imsqti:solutionAvailable>
				</imsqti:qtiMetadata>
			</metadata>
						
		</resource>
				<resource identifier="category6-question12" type="imsqti_item_xmlv2p0" href="./category6-question12.xml">
			<metadata>
				<schema>IMS QTI Item</schema>
				<schemaversion>2.0</schemaversion>
				<imsmd:lom>
					<imsmd:general>
						<imsmd:identifier>category6-question12</imsmd:identifier>
						<imsmd:title>
							<imsmd:langstring xml:lang="en_utf8">EV term matching</imsmd:langstring>
						</imsmd:title>
						<imsmd:description>
							<imsmd:langstring xml:lang="en">Question 12 from category 6</imsmd:langstring>
						</imsmd:description>
					</imsmd:general>
					<imsmd:lifecycle>
						<imsmd:version>
							<imsmd:langstring xml:lang="en">1.0</imsmd:langstring>
						</imsmd:version>
						<imsmd:status>
							<imsmd:source>
								<imsmd:langstring xml:lang="en">LOMv1.0</imsmd:langstring>
							</imsmd:source>
							<imsmd:value>
								<imsmd:langstring xml:lang="en">Draft</imsmd:langstring>
							</imsmd:value>
						</imsmd:status>
					</imsmd:lifecycle>
				</imsmd:lom>
				<imsqti:qtiMetadata>
					<imsqti:timeDependent>false</imsqti:timeDependent>
					<imsqti:interactionType>matchInteraction</imsqti:interactionType>
					<imsqti:canComputerScore>true</imsqti:canComputerScore>
					<imsqti:feedbackType>nonadaptive</imsqti:feedbackType>
					<imsqti:solutionAvailable>true</imsqti:solutionAvailable>
				</imsqti:qtiMetadata>
			</metadata>
						
		</resource>
				<resource identifier="category6-question155" type="imsqti_item_xmlv2p0" href="./category6-question155.xml">
			<metadata>
				<schema>IMS QTI Item</schema>
				<schemaversion>2.0</schemaversion>
				<imsmd:lom>
					<imsmd:general>
						<imsmd:identifier>category6-question155</imsmd:identifier>
						<imsmd:title>
							<imsmd:langstring xml:lang="en_utf8">EXAM: Test1</imsmd:langstring>
						</imsmd:title>
						<imsmd:description>
							<imsmd:langstring xml:lang="en">Question 155 from category 6</imsmd:langstring>
						</imsmd:description>
					</imsmd:general>
					<imsmd:lifecycle>
						<imsmd:version>
							<imsmd:langstring xml:lang="en">1.0</imsmd:langstring>
						</imsmd:version>
						<imsmd:status>
							<imsmd:source>
								<imsmd:langstring xml:lang="en">LOMv1.0</imsmd:langstring>
							</imsmd:source>
							<imsmd:value>
								<imsmd:langstring xml:lang="en">Draft</imsmd:langstring>
							</imsmd:value>
						</imsmd:status>
					</imsmd:lifecycle>
				</imsmd:lom>
				<imsqti:qtiMetadata>
					<imsqti:timeDependent>false</imsqti:timeDependent>
					<imsqti:interactionType>matchInteraction</imsqti:interactionType>
					<imsqti:canComputerScore>true</imsqti:canComputerScore>
					<imsqti:feedbackType>nonadaptive</imsqti:feedbackType>
					<imsqti:solutionAvailable>true</imsqti:solutionAvailable>
				</imsqti:qtiMetadata>
			</metadata>
						
		</resource>
				<resource identifier="category6-question57" type="imsqti_item_xmlv2p0" href="./category6-question57.xml">
			<metadata>
				<schema>IMS QTI Item</schema>
				<schemaversion>2.0</schemaversion>
				<imsmd:lom>
					<imsmd:general>
						<imsmd:identifier>category6-question57</imsmd:identifier>
						<imsmd:title>
							<imsmd:langstring xml:lang="en_utf8">DEFECT C: Injection</imsmd:langstring>
						</imsmd:title>
						<imsmd:description>
							<imsmd:langstring xml:lang="en">Question 57 from category 6</imsmd:langstring>
						</imsmd:description>
					</imsmd:general>
					<imsmd:lifecycle>
						<imsmd:version>
							<imsmd:langstring xml:lang="en">1.0</imsmd:langstring>
						</imsmd:version>
						<imsmd:status>
							<imsmd:source>
								<imsmd:langstring xml:lang="en">LOMv1.0</imsmd:langstring>
							</imsmd:source>
							<imsmd:value>
								<imsmd:langstring xml:lang="en">Draft</imsmd:langstring>
							</imsmd:value>
						</imsmd:status>
					</imsmd:lifecycle>
				</imsmd:lom>
				<imsqti:qtiMetadata>
					<imsqti:timeDependent>false</imsqti:timeDependent>
					<imsqti:interactionType>choiceInteraction</imsqti:interactionType>
					<imsqti:canComputerScore>true</imsqti:canComputerScore>
					<imsqti:feedbackType>nonadaptive</imsqti:feedbackType>
					<imsqti:solutionAvailable>true</imsqti:solutionAvailable>
				</imsqti:qtiMetadata>
			</metadata>
						
		</resource>
				<resource identifier="category6-question60" type="imsqti_item_xmlv2p0" href="./category6-question60.xml">
			<metadata>
				<schema>IMS QTI Item</schema>
				<schemaversion>2.0</schemaversion>
				<imsmd:lom>
					<imsmd:general>
						<imsmd:identifier>category6-question60</imsmd:identifier>
						<imsmd:title>
							<imsmd:langstring xml:lang="en_utf8">DEFECT C: QDM</imsmd:langstring>
						</imsmd:title>
						<imsmd:description>
							<imsmd:langstring xml:lang="en">Question 60 from category 6</imsmd:langstring>
						</imsmd:description>
					</imsmd:general>
					<imsmd:lifecycle>
						<imsmd:version>
							<imsmd:langstring xml:lang="en">1.0</imsmd:langstring>
						</imsmd:version>
						<imsmd:status>
							<imsmd:source>
								<imsmd:langstring xml:lang="en">LOMv1.0</imsmd:langstring>
							</imsmd:source>
							<imsmd:value>
								<imsmd:langstring xml:lang="en">Draft</imsmd:langstring>
							</imsmd:value>
						</imsmd:status>
					</imsmd:lifecycle>
				</imsmd:lom>
				<imsqti:qtiMetadata>
					<imsqti:timeDependent>false</imsqti:timeDependent>
					<imsqti:interactionType>choiceInteraction</imsqti:interactionType>
					<imsqti:canComputerScore>true</imsqti:canComputerScore>
					<imsqti:feedbackType>nonadaptive</imsqti:feedbackType>
					<imsqti:solutionAvailable>true</imsqti:solutionAvailable>
				</imsqti:qtiMetadata>
			</metadata>
						
		</resource>
				<resource identifier="category6-question63" type="imsqti_item_xmlv2p0" href="./category6-question63.xml">
			<metadata>
				<schema>IMS QTI Item</schema>
				<schemaversion>2.0</schemaversion>
				<imsmd:lom>
					<imsmd:general>
						<imsmd:identifier>category6-question63</imsmd:identifier>
						<imsmd:title>
							<imsmd:langstring xml:lang="en_utf8">DEFECT I: crm</imsmd:langstring>
						</imsmd:title>
						<imsmd:description>
							<imsmd:langstring xml:lang="en">Question 63 from category 6</imsmd:langstring>
						</imsmd:description>
					</imsmd:general>
					<imsmd:lifecycle>
						<imsmd:version>
							<imsmd:langstring xml:lang="en">1.0</imsmd:langstring>
						</imsmd:version>
						<imsmd:status>
							<imsmd:source>
								<imsmd:langstring xml:lang="en">LOMv1.0</imsmd:langstring>
							</imsmd:source>
							<imsmd:value>
								<imsmd:langstring xml:lang="en">Draft</imsmd:langstring>
							</imsmd:value>
						</imsmd:status>
					</imsmd:lifecycle>
				</imsmd:lom>
				<imsqti:qtiMetadata>
					<imsqti:timeDependent>false</imsqti:timeDependent>
					<imsqti:interactionType>choiceInteraction</imsqti:interactionType>
					<imsqti:canComputerScore>true</imsqti:canComputerScore>
					<imsqti:feedbackType>nonadaptive</imsqti:feedbackType>
					<imsqti:solutionAvailable>true</imsqti:solutionAvailable>
				</imsqti:qtiMetadata>
			</metadata>
						
		</resource>
				<resource identifier="category6-question30" type="imsqti_item_xmlv2p0" href="./category6-question30.xml">
			<metadata>
				<schema>IMS QTI Item</schema>
				<schemaversion>2.0</schemaversion>
				<imsmd:lom>
					<imsmd:general>
						<imsmd:identifier>category6-question30</imsmd:identifier>
						<imsmd:title>
							<imsmd:langstring xml:lang="en_utf8">Estimates: assumptions</imsmd:langstring>
						</imsmd:title>
						<imsmd:description>
							<imsmd:langstring xml:lang="en">Question 30 from category 6</imsmd:langstring>
						</imsmd:description>
					</imsmd:general>
					<imsmd:lifecycle>
						<imsmd:version>
							<imsmd:langstring xml:lang="en">1.0</imsmd:langstring>
						</imsmd:version>
						<imsmd:status>
							<imsmd:source>
								<imsmd:langstring xml:lang="en">LOMv1.0</imsmd:langstring>
							</imsmd:source>
							<imsmd:value>
								<imsmd:langstring xml:lang="en">Draft</imsmd:langstring>
							</imsmd:value>
						</imsmd:status>
					</imsmd:lifecycle>
				</imsmd:lom>
				<imsqti:qtiMetadata>
					<imsqti:timeDependent>false</imsqti:timeDependent>
					<imsqti:interactionType>choiceInteraction</imsqti:interactionType>
					<imsqti:canComputerScore>true</imsqti:canComputerScore>
					<imsqti:feedbackType>nonadaptive</imsqti:feedbackType>
					<imsqti:solutionAvailable>true</imsqti:solutionAvailable>
				</imsqti:qtiMetadata>
			</metadata>
						
		</resource>
				<resource identifier="category6-question31" type="imsqti_item_xmlv2p0" href="./category6-question31.xml">
			<metadata>
				<schema>IMS QTI Item</schema>
				<schemaversion>2.0</schemaversion>
				<imsmd:lom>
					<imsmd:general>
						<imsmd:identifier>category6-question31</imsmd:identifier>
						<imsmd:title>
							<imsmd:langstring xml:lang="en_utf8">Estimates: stakeholders</imsmd:langstring>
						</imsmd:title>
						<imsmd:description>
							<imsmd:langstring xml:lang="en">Question 31 from category 6</imsmd:langstring>
						</imsmd:description>
					</imsmd:general>
					<imsmd:lifecycle>
						<imsmd:version>
							<imsmd:langstring xml:lang="en">1.0</imsmd:langstring>
						</imsmd:version>
						<imsmd:status>
							<imsmd:source>
								<imsmd:langstring xml:lang="en">LOMv1.0</imsmd:langstring>
							</imsmd:source>
							<imsmd:value>
								<imsmd:langstring xml:lang="en">Draft</imsmd:langstring>
							</imsmd:value>
						</imsmd:status>
					</imsmd:lifecycle>
				</imsmd:lom>
				<imsqti:qtiMetadata>
					<imsqti:timeDependent>false</imsqti:timeDependent>
					<imsqti:interactionType>choiceInteraction</imsqti:interactionType>
					<imsqti:canComputerScore>true</imsqti:canComputerScore>
					<imsqti:feedbackType>nonadaptive</imsqti:feedbackType>
					<imsqti:solutionAvailable>true</imsqti:solutionAvailable>
				</imsqti:qtiMetadata>
			</metadata>
						
		</resource>
				<resource identifier="category6-question29" type="imsqti_item_xmlv2p0" href="./category6-question29.xml">
			<metadata>
				<schema>IMS QTI Item</schema>
				<schemaversion>2.0</schemaversion>
				<imsmd:lom>
					<imsmd:general>
						<imsmd:identifier>category6-question29</imsmd:identifier>
						<imsmd:title>
							<imsmd:langstring xml:lang="en_utf8">Estimation: Successful Estimates</imsmd:langstring>
						</imsmd:title>
						<imsmd:description>
							<imsmd:langstring xml:lang="en">Question 29 from category 6</imsmd:langstring>
						</imsmd:description>
					</imsmd:general>
					<imsmd:lifecycle>
						<imsmd:version>
							<imsmd:langstring xml:lang="en">1.0</imsmd:langstring>
						</imsmd:version>
						<imsmd:status>
							<imsmd:source>
								<imsmd:langstring xml:lang="en">LOMv1.0</imsmd:langstring>
							</imsmd:source>
							<imsmd:value>
								<imsmd:langstring xml:lang="en">Draft</imsmd:langstring>
							</imsmd:value>
						</imsmd:status>
					</imsmd:lifecycle>
				</imsmd:lom>
				<imsqti:qtiMetadata>
					<imsqti:timeDependent>false</imsqti:timeDependent>
					<imsqti:interactionType>choiceInteraction</imsqti:interactionType>
					<imsqti:canComputerScore>true</imsqti:canComputerScore>
					<imsqti:feedbackType>nonadaptive</imsqti:feedbackType>
					<imsqti:solutionAvailable>true</imsqti:solutionAvailable>
				</imsqti:qtiMetadata>
			</metadata>
						
		</resource>
				<resource identifier="category6-question10" type="imsqti_item_xmlv2p0" href="./category6-question10.xml">
			<metadata>
				<schema>IMS QTI Item</schema>
				<schemaversion>2.0</schemaversion>
				<imsmd:lom>
					<imsmd:general>
						<imsmd:identifier>category6-question10</imsmd:identifier>
						<imsmd:title>
							<imsmd:langstring xml:lang="en_utf8">EV activities</imsmd:langstring>
						</imsmd:title>
						<imsmd:description>
							<imsmd:langstring xml:lang="en">Question 10 from category 6</imsmd:langstring>
						</imsmd:description>
					</imsmd:general>
					<imsmd:lifecycle>
						<imsmd:version>
							<imsmd:langstring xml:lang="en">1.0</imsmd:langstring>
						</imsmd:version>
						<imsmd:status>
							<imsmd:source>
								<imsmd:langstring xml:lang="en">LOMv1.0</imsmd:langstring>
							</imsmd:source>
							<imsmd:value>
								<imsmd:langstring xml:lang="en">Draft</imsmd:langstring>
							</imsmd:value>
						</imsmd:status>
					</imsmd:lifecycle>
				</imsmd:lom>
				<imsqti:qtiMetadata>
					<imsqti:timeDependent>false</imsqti:timeDependent>
					<imsqti:interactionType>choiceInteraction</imsqti:interactionType>
					<imsqti:canComputerScore>true</imsqti:canComputerScore>
					<imsqti:feedbackType>nonadaptive</imsqti:feedbackType>
					<imsqti:solutionAvailable>true</imsqti:solutionAvailable>
				</imsqti:qtiMetadata>
			</metadata>
						
		</resource>
				<resource identifier="category6-question11" type="imsqti_item_xmlv2p0" href="./category6-question11.xml">
			<metadata>
				<schema>IMS QTI Item</schema>
				<schemaversion>2.0</schemaversion>
				<imsmd:lom>
					<imsmd:general>
						<imsmd:identifier>category6-question11</imsmd:identifier>
						<imsmd:title>
							<imsmd:langstring xml:lang="en_utf8">EV measures</imsmd:langstring>
						</imsmd:title>
						<imsmd:description>
							<imsmd:langstring xml:lang="en">Question 11 from category 6</imsmd:langstring>
						</imsmd:description>
					</imsmd:general>
					<imsmd:lifecycle>
						<imsmd:version>
							<imsmd:langstring xml:lang="en">1.0</imsmd:langstring>
						</imsmd:version>
						<imsmd:status>
							<imsmd:source>
								<imsmd:langstring xml:lang="en">LOMv1.0</imsmd:langstring>
							</imsmd:source>
							<imsmd:value>
								<imsmd:langstring xml:lang="en">Draft</imsmd:langstring>
							</imsmd:value>
						</imsmd:status>
					</imsmd:lifecycle>
				</imsmd:lom>
				<imsqti:qtiMetadata>
					<imsqti:timeDependent>false</imsqti:timeDependent>
					<imsqti:interactionType>choiceInteraction</imsqti:interactionType>
					<imsqti:canComputerScore>true</imsqti:canComputerScore>
					<imsqti:feedbackType>nonadaptive</imsqti:feedbackType>
					<imsqti:solutionAvailable>true</imsqti:solutionAvailable>
				</imsqti:qtiMetadata>
			</metadata>
						
		</resource>
				<resource identifier="category6-question14" type="imsqti_item_xmlv2p0" href="./category6-question14.xml">
			<metadata>
				<schema>IMS QTI Item</schema>
				<schemaversion>2.0</schemaversion>
				<imsmd:lom>
					<imsmd:general>
						<imsmd:identifier>category6-question14</imsmd:identifier>
						<imsmd:title>
							<imsmd:langstring xml:lang="en_utf8">EV Wilkins Figure 2</imsmd:langstring>
						</imsmd:title>
						<imsmd:description>
							<imsmd:langstring xml:lang="en">Question 14 from category 6</imsmd:langstring>
						</imsmd:description>
					</imsmd:general>
					<imsmd:lifecycle>
						<imsmd:version>
							<imsmd:langstring xml:lang="en">1.0</imsmd:langstring>
						</imsmd:version>
						<imsmd:status>
							<imsmd:source>
								<imsmd:langstring xml:lang="en">LOMv1.0</imsmd:langstring>
							</imsmd:source>
							<imsmd:value>
								<imsmd:langstring xml:lang="en">Draft</imsmd:langstring>
							</imsmd:value>
						</imsmd:status>
					</imsmd:lifecycle>
				</imsmd:lom>
				<imsqti:qtiMetadata>
					<imsqti:timeDependent>false</imsqti:timeDependent>
					<imsqti:interactionType>choiceInteraction</imsqti:interactionType>
					<imsqti:canComputerScore>true</imsqti:canComputerScore>
					<imsqti:feedbackType>nonadaptive</imsqti:feedbackType>
					<imsqti:solutionAvailable>true</imsqti:solutionAvailable>
				</imsqti:qtiMetadata>
			</metadata>
						
		</resource>
				<resource identifier="category6-question7" type="imsqti_item_xmlv2p0" href="./category6-question7.xml">
			<metadata>
				<schema>IMS QTI Item</schema>
				<schemaversion>2.0</schemaversion>
				<imsmd:lom>
					<imsmd:general>
						<imsmd:identifier>category6-question7</imsmd:identifier>
						<imsmd:title>
							<imsmd:langstring xml:lang="en_utf8">EVA introduced when</imsmd:langstring>
						</imsmd:title>
						<imsmd:description>
							<imsmd:langstring xml:lang="en">Question 7 from category 6</imsmd:langstring>
						</imsmd:description>
					</imsmd:general>
					<imsmd:lifecycle>
						<imsmd:version>
							<imsmd:langstring xml:lang="en">1.0</imsmd:langstring>
						</imsmd:version>
						<imsmd:status>
							<imsmd:source>
								<imsmd:langstring xml:lang="en">LOMv1.0</imsmd:langstring>
							</imsmd:source>
							<imsmd:value>
								<imsmd:langstring xml:lang="en">Draft</imsmd:langstring>
							</imsmd:value>
						</imsmd:status>
					</imsmd:lifecycle>
				</imsmd:lom>
				<imsqti:qtiMetadata>
					<imsqti:timeDependent>false</imsqti:timeDependent>
					<imsqti:interactionType>choiceInteraction</imsqti:interactionType>
					<imsqti:canComputerScore>true</imsqti:canComputerScore>
					<imsqti:feedbackType>nonadaptive</imsqti:feedbackType>
					<imsqti:solutionAvailable>true</imsqti:solutionAvailable>
				</imsqti:qtiMetadata>
			</metadata>
						
		</resource>
				<resource identifier="category6-question132" type="imsqti_item_xmlv2p0" href="./category6-question132.xml">
			<metadata>
				<schema>IMS QTI Item</schema>
				<schemaversion>2.0</schemaversion>
				<imsmd:lom>
					<imsmd:general>
						<imsmd:identifier>category6-question132</imsmd:identifier>
						<imsmd:title>
							<imsmd:langstring xml:lang="en_utf8">Postmortem: Metrics</imsmd:langstring>
						</imsmd:title>
						<imsmd:description>
							<imsmd:langstring xml:lang="en">Question 132 from category 6</imsmd:langstring>
						</imsmd:description>
					</imsmd:general>
					<imsmd:lifecycle>
						<imsmd:version>
							<imsmd:langstring xml:lang="en">1.0</imsmd:langstring>
						</imsmd:version>
						<imsmd:status>
							<imsmd:source>
								<imsmd:langstring xml:lang="en">LOMv1.0</imsmd:langstring>
							</imsmd:source>
							<imsmd:value>
								<imsmd:langstring xml:lang="en">Draft</imsmd:langstring>
							</imsmd:value>
						</imsmd:status>
					</imsmd:lifecycle>
				</imsmd:lom>
				<imsqti:qtiMetadata>
					<imsqti:timeDependent>false</imsqti:timeDependent>
					<imsqti:interactionType>choiceInteraction</imsqti:interactionType>
					<imsqti:canComputerScore>true</imsqti:canComputerScore>
					<imsqti:feedbackType>nonadaptive</imsqti:feedbackType>
					<imsqti:solutionAvailable>true</imsqti:solutionAvailable>
				</imsqti:qtiMetadata>
			</metadata>
						
		</resource>
				<resource identifier="category6-question130" type="imsqti_item_xmlv2p0" href="./category6-question130.xml">
			<metadata>
				<schema>IMS QTI Item</schema>
				<schemaversion>2.0</schemaversion>
				<imsmd:lom>
					<imsmd:general>
						<imsmd:identifier>category6-question130</imsmd:identifier>
						<imsmd:title>
							<imsmd:langstring xml:lang="en_utf8">Postmortem: process steps</imsmd:langstring>
						</imsmd:title>
						<imsmd:description>
							<imsmd:langstring xml:lang="en">Question 130 from category 6</imsmd:langstring>
						</imsmd:description>
					</imsmd:general>
					<imsmd:lifecycle>
						<imsmd:version>
							<imsmd:langstring xml:lang="en">1.0</imsmd:langstring>
						</imsmd:version>
						<imsmd:status>
							<imsmd:source>
								<imsmd:langstring xml:lang="en">LOMv1.0</imsmd:langstring>
							</imsmd:source>
							<imsmd:value>
								<imsmd:langstring xml:lang="en">Draft</imsmd:langstring>
							</imsmd:value>
						</imsmd:status>
					</imsmd:lifecycle>
				</imsmd:lom>
				<imsqti:qtiMetadata>
					<imsqti:timeDependent>false</imsqti:timeDependent>
					<imsqti:interactionType>choiceInteraction</imsqti:interactionType>
					<imsqti:canComputerScore>true</imsqti:canComputerScore>
					<imsqti:feedbackType>nonadaptive</imsqti:feedbackType>
					<imsqti:solutionAvailable>true</imsqti:solutionAvailable>
				</imsqti:qtiMetadata>
			</metadata>
						
		</resource>
				<resource identifier="category6-question47" type="imsqti_item_xmlv2p0" href="./category6-question47.xml">
			<metadata>
				<schema>IMS QTI Item</schema>
				<schemaversion>2.0</schemaversion>
				<imsmd:lom>
					<imsmd:general>
						<imsmd:identifier>category6-question47</imsmd:identifier>
						<imsmd:title>
							<imsmd:langstring xml:lang="en_utf8">Risk: Assessment steps</imsmd:langstring>
						</imsmd:title>
						<imsmd:description>
							<imsmd:langstring xml:lang="en">Question 47 from category 6</imsmd:langstring>
						</imsmd:description>
					</imsmd:general>
					<imsmd:lifecycle>
						<imsmd:version>
							<imsmd:langstring xml:lang="en">1.0</imsmd:langstring>
						</imsmd:version>
						<imsmd:status>
							<imsmd:source>
								<imsmd:langstring xml:lang="en">LOMv1.0</imsmd:langstring>
							</imsmd:source>
							<imsmd:value>
								<imsmd:langstring xml:lang="en">Draft</imsmd:langstring>
							</imsmd:value>
						</imsmd:status>
					</imsmd:lifecycle>
				</imsmd:lom>
				<imsqti:qtiMetadata>
					<imsqti:timeDependent>false</imsqti:timeDependent>
					<imsqti:interactionType>choiceInteraction</imsqti:interactionType>
					<imsqti:canComputerScore>true</imsqti:canComputerScore>
					<imsqti:feedbackType>nonadaptive</imsqti:feedbackType>
					<imsqti:solutionAvailable>true</imsqti:solutionAvailable>
				</imsqti:qtiMetadata>
			</metadata>
						
		</resource>
				<resource identifier="category6-question48" type="imsqti_item_xmlv2p0" href="./category6-question48.xml">
			<metadata>
				<schema>IMS QTI Item</schema>
				<schemaversion>2.0</schemaversion>
				<imsmd:lom>
					<imsmd:general>
						<imsmd:identifier>category6-question48</imsmd:identifier>
						<imsmd:title>
							<imsmd:langstring xml:lang="en_utf8">Risk: control steps</imsmd:langstring>
						</imsmd:title>
						<imsmd:description>
							<imsmd:langstring xml:lang="en">Question 48 from category 6</imsmd:langstring>
						</imsmd:description>
					</imsmd:general>
					<imsmd:lifecycle>
						<imsmd:version>
							<imsmd:langstring xml:lang="en">1.0</imsmd:langstring>
						</imsmd:version>
						<imsmd:status>
							<imsmd:source>
								<imsmd:langstring xml:lang="en">LOMv1.0</imsmd:langstring>
							</imsmd:source>
							<imsmd:value>
								<imsmd:langstring xml:lang="en">Draft</imsmd:langstring>
							</imsmd:value>
						</imsmd:status>
					</imsmd:lifecycle>
				</imsmd:lom>
				<imsqti:qtiMetadata>
					<imsqti:timeDependent>false</imsqti:timeDependent>
					<imsqti:interactionType>choiceInteraction</imsqti:interactionType>
					<imsqti:canComputerScore>true</imsqti:canComputerScore>
					<imsqti:feedbackType>nonadaptive</imsqti:feedbackType>
					<imsqti:solutionAvailable>true</imsqti:solutionAvailable>
				</imsqti:qtiMetadata>
			</metadata>
						
		</resource>
				<resource identifier="category6-question46" type="imsqti_item_xmlv2p0" href="./category6-question46.xml">
			<metadata>
				<schema>IMS QTI Item</schema>
				<schemaversion>2.0</schemaversion>
				<imsmd:lom>
					<imsmd:general>
						<imsmd:identifier>category6-question46</imsmd:identifier>
						<imsmd:title>
							<imsmd:langstring xml:lang="en_utf8">Risk: Top-level steps</imsmd:langstring>
						</imsmd:title>
						<imsmd:description>
							<imsmd:langstring xml:lang="en">Question 46 from category 6</imsmd:langstring>
						</imsmd:description>
					</imsmd:general>
					<imsmd:lifecycle>
						<imsmd:version>
							<imsmd:langstring xml:lang="en">1.0</imsmd:langstring>
						</imsmd:version>
						<imsmd:status>
							<imsmd:source>
								<imsmd:langstring xml:lang="en">LOMv1.0</imsmd:langstring>
							</imsmd:source>
							<imsmd:value>
								<imsmd:langstring xml:lang="en">Draft</imsmd:langstring>
							</imsmd:value>
						</imsmd:status>
					</imsmd:lifecycle>
				</imsmd:lom>
				<imsqti:qtiMetadata>
					<imsqti:timeDependent>false</imsqti:timeDependent>
					<imsqti:interactionType>choiceInteraction</imsqti:interactionType>
					<imsqti:canComputerScore>true</imsqti:canComputerScore>
					<imsqti:feedbackType>nonadaptive</imsqti:feedbackType>
					<imsqti:solutionAvailable>true</imsqti:solutionAvailable>
				</imsqti:qtiMetadata>
			</metadata>
						
		</resource>
				<resource identifier="category6-question45" type="imsqti_item_xmlv2p0" href="./category6-question45.xml">
			<metadata>
				<schema>IMS QTI Item</schema>
				<schemaversion>2.0</schemaversion>
				<imsmd:lom>
					<imsmd:general>
						<imsmd:identifier>category6-question45</imsmd:identifier>
						<imsmd:title>
							<imsmd:langstring xml:lang="en_utf8">Risk: Tree</imsmd:langstring>
						</imsmd:title>
						<imsmd:description>
							<imsmd:langstring xml:lang="en">Question 45 from category 6</imsmd:langstring>
						</imsmd:description>
					</imsmd:general>
					<imsmd:lifecycle>
						<imsmd:version>
							<imsmd:langstring xml:lang="en">1.0</imsmd:langstring>
						</imsmd:version>
						<imsmd:status>
							<imsmd:source>
								<imsmd:langstring xml:lang="en">LOMv1.0</imsmd:langstring>
							</imsmd:source>
							<imsmd:value>
								<imsmd:langstring xml:lang="en">Draft</imsmd:langstring>
							</imsmd:value>
						</imsmd:status>
					</imsmd:lifecycle>
				</imsmd:lom>
				<imsqti:qtiMetadata>
					<imsqti:timeDependent>false</imsqti:timeDependent>
					<imsqti:interactionType>choiceInteraction</imsqti:interactionType>
					<imsqti:canComputerScore>true</imsqti:canComputerScore>
					<imsqti:feedbackType>nonadaptive</imsqti:feedbackType>
					<imsqti:solutionAvailable>true</imsqti:solutionAvailable>
				</imsqti:qtiMetadata>
			</metadata>
						
		</resource>
				<resource identifier="category6-question86" type="imsqti_item_xmlv2p0" href="./category6-question86.xml">
			<metadata>
				<schema>IMS QTI Item</schema>
				<schemaversion>2.0</schemaversion>
				<imsmd:lom>
					<imsmd:general>
						<imsmd:identifier>category6-question86</imsmd:identifier>
						<imsmd:title>
							<imsmd:langstring xml:lang="en_utf8">Task Planning: predecessor</imsmd:langstring>
						</imsmd:title>
						<imsmd:description>
							<imsmd:langstring xml:lang="en">Question 86 from category 6</imsmd:langstring>
						</imsmd:description>
					</imsmd:general>
					<imsmd:lifecycle>
						<imsmd:version>
							<imsmd:langstring xml:lang="en">1.0</imsmd:langstring>
						</imsmd:version>
						<imsmd:status>
							<imsmd:source>
								<imsmd:langstring xml:lang="en">LOMv1.0</imsmd:langstring>
							</imsmd:source>
							<imsmd:value>
								<imsmd:langstring xml:lang="en">Draft</imsmd:langstring>
							</imsmd:value>
						</imsmd:status>
					</imsmd:lifecycle>
				</imsmd:lom>
				<imsqti:qtiMetadata>
					<imsqti:timeDependent>false</imsqti:timeDependent>
					<imsqti:interactionType>choiceInteraction</imsqti:interactionType>
					<imsqti:canComputerScore>true</imsqti:canComputerScore>
					<imsqti:feedbackType>nonadaptive</imsqti:feedbackType>
					<imsqti:solutionAvailable>true</imsqti:solutionAvailable>
				</imsqti:qtiMetadata>
			</metadata>
						
		</resource>
				<resource identifier="category6-question84" type="imsqti_item_xmlv2p0" href="./category6-question84.xml">
			<metadata>
				<schema>IMS QTI Item</schema>
				<schemaversion>2.0</schemaversion>
				<imsmd:lom>
					<imsmd:general>
						<imsmd:identifier>category6-question84</imsmd:identifier>
						<imsmd:title>
							<imsmd:langstring xml:lang="en_utf8">TaskPlanning: resource1</imsmd:langstring>
						</imsmd:title>
						<imsmd:description>
							<imsmd:langstring xml:lang="en">Question 84 from category 6</imsmd:langstring>
						</imsmd:description>
					</imsmd:general>
					<imsmd:lifecycle>
						<imsmd:version>
							<imsmd:langstring xml:lang="en">1.0</imsmd:langstring>
						</imsmd:version>
						<imsmd:status>
							<imsmd:source>
								<imsmd:langstring xml:lang="en">LOMv1.0</imsmd:langstring>
							</imsmd:source>
							<imsmd:value>
								<imsmd:langstring xml:lang="en">Draft</imsmd:langstring>
							</imsmd:value>
						</imsmd:status>
					</imsmd:lifecycle>
				</imsmd:lom>
				<imsqti:qtiMetadata>
					<imsqti:timeDependent>false</imsqti:timeDependent>
					<imsqti:interactionType>choiceInteraction</imsqti:interactionType>
					<imsqti:canComputerScore>true</imsqti:canComputerScore>
					<imsqti:feedbackType>nonadaptive</imsqti:feedbackType>
					<imsqti:solutionAvailable>true</imsqti:solutionAvailable>
				</imsqti:qtiMetadata>
			</metadata>
						
		</resource>
				<resource identifier="category6-question111" type="imsqti_item_xmlv2p0" href="./category6-question111.xml">
			<metadata>
				<schema>IMS QTI Item</schema>
				<schemaversion>2.0</schemaversion>
				<imsmd:lom>
					<imsmd:general>
						<imsmd:identifier>category6-question111</imsmd:identifier>
						<imsmd:title>
							<imsmd:langstring xml:lang="en_utf8">TESTING: automation</imsmd:langstring>
						</imsmd:title>
						<imsmd:description>
							<imsmd:langstring xml:lang="en">Question 111 from category 6</imsmd:langstring>
						</imsmd:description>
					</imsmd:general>
					<imsmd:lifecycle>
						<imsmd:version>
							<imsmd:langstring xml:lang="en">1.0</imsmd:langstring>
						</imsmd:version>
						<imsmd:status>
							<imsmd:source>
								<imsmd:langstring xml:lang="en">LOMv1.0</imsmd:langstring>
							</imsmd:source>
							<imsmd:value>
								<imsmd:langstring xml:lang="en">Draft</imsmd:langstring>
							</imsmd:value>
						</imsmd:status>
					</imsmd:lifecycle>
				</imsmd:lom>
				<imsqti:qtiMetadata>
					<imsqti:timeDependent>false</imsqti:timeDependent>
					<imsqti:interactionType>choiceInteraction</imsqti:interactionType>
					<imsqti:canComputerScore>true</imsqti:canComputerScore>
					<imsqti:feedbackType>nonadaptive</imsqti:feedbackType>
					<imsqti:solutionAvailable>true</imsqti:solutionAvailable>
				</imsqti:qtiMetadata>
			</metadata>
						
		</resource>
				<resource identifier="category6-question104" type="imsqti_item_xmlv2p0" href="./category6-question104.xml">
			<metadata>
				<schema>IMS QTI Item</schema>
				<schemaversion>2.0</schemaversion>
				<imsmd:lom>
					<imsmd:general>
						<imsmd:identifier>category6-question104</imsmd:identifier>
						<imsmd:title>
							<imsmd:langstring xml:lang="en_utf8">TESTING: complete</imsmd:langstring>
						</imsmd:title>
						<imsmd:description>
							<imsmd:langstring xml:lang="en">Question 104 from category 6</imsmd:langstring>
						</imsmd:description>
					</imsmd:general>
					<imsmd:lifecycle>
						<imsmd:version>
							<imsmd:langstring xml:lang="en">1.0</imsmd:langstring>
						</imsmd:version>
						<imsmd:status>
							<imsmd:source>
								<imsmd:langstring xml:lang="en">LOMv1.0</imsmd:langstring>
							</imsmd:source>
							<imsmd:value>
								<imsmd:langstring xml:lang="en">Draft</imsmd:langstring>
							</imsmd:value>
						</imsmd:status>
					</imsmd:lifecycle>
				</imsmd:lom>
				<imsqti:qtiMetadata>
					<imsqti:timeDependent>false</imsqti:timeDependent>
					<imsqti:interactionType>choiceInteraction</imsqti:interactionType>
					<imsqti:canComputerScore>true</imsqti:canComputerScore>
					<imsqti:feedbackType>nonadaptive</imsqti:feedbackType>
					<imsqti:solutionAvailable>true</imsqti:solutionAvailable>
				</imsqti:qtiMetadata>
			</metadata>
						
		</resource>
				<resource identifier="category6-question105" type="imsqti_item_xmlv2p0" href="./category6-question105.xml">
			<metadata>
				<schema>IMS QTI Item</schema>
				<schemaversion>2.0</schemaversion>
				<imsmd:lom>
					<imsmd:general>
						<imsmd:identifier>category6-question105</imsmd:identifier>
						<imsmd:title>
							<imsmd:langstring xml:lang="en_utf8">TESTING: goal</imsmd:langstring>
						</imsmd:title>
						<imsmd:description>
							<imsmd:langstring xml:lang="en">Question 105 from category 6</imsmd:langstring>
						</imsmd:description>
					</imsmd:general>
					<imsmd:lifecycle>
						<imsmd:version>
							<imsmd:langstring xml:lang="en">1.0</imsmd:langstring>
						</imsmd:version>
						<imsmd:status>
							<imsmd:source>
								<imsmd:langstring xml:lang="en">LOMv1.0</imsmd:langstring>
							</imsmd:source>
							<imsmd:value>
								<imsmd:langstring xml:lang="en">Draft</imsmd:langstring>
							</imsmd:value>
						</imsmd:status>
					</imsmd:lifecycle>
				</imsmd:lom>
				<imsqti:qtiMetadata>
					<imsqti:timeDependent>false</imsqti:timeDependent>
					<imsqti:interactionType>choiceInteraction</imsqti:interactionType>
					<imsqti:canComputerScore>true</imsqti:canComputerScore>
					<imsqti:feedbackType>nonadaptive</imsqti:feedbackType>
					<imsqti:solutionAvailable>true</imsqti:solutionAvailable>
				</imsqti:qtiMetadata>
			</metadata>
						
		</resource>
				<resource identifier="category6-question113" type="imsqti_item_xmlv2p0" href="./category6-question113.xml">
			<metadata>
				<schema>IMS QTI Item</schema>
				<schemaversion>2.0</schemaversion>
				<imsmd:lom>
					<imsmd:general>
						<imsmd:identifier>category6-question113</imsmd:identifier>
						<imsmd:title>
							<imsmd:langstring xml:lang="en_utf8">TESTING: Myths</imsmd:langstring>
						</imsmd:title>
						<imsmd:description>
							<imsmd:langstring xml:lang="en">Question 113 from category 6</imsmd:langstring>
						</imsmd:description>
					</imsmd:general>
					<imsmd:lifecycle>
						<imsmd:version>
							<imsmd:langstring xml:lang="en">1.0</imsmd:langstring>
						</imsmd:version>
						<imsmd:status>
							<imsmd:source>
								<imsmd:langstring xml:lang="en">LOMv1.0</imsmd:langstring>
							</imsmd:source>
							<imsmd:value>
								<imsmd:langstring xml:lang="en">Draft</imsmd:langstring>
							</imsmd:value>
						</imsmd:status>
					</imsmd:lifecycle>
				</imsmd:lom>
				<imsqti:qtiMetadata>
					<imsqti:timeDependent>false</imsqti:timeDependent>
					<imsqti:interactionType>choiceInteraction</imsqti:interactionType>
					<imsqti:canComputerScore>true</imsqti:canComputerScore>
					<imsqti:feedbackType>nonadaptive</imsqti:feedbackType>
					<imsqti:solutionAvailable>true</imsqti:solutionAvailable>
				</imsqti:qtiMetadata>
			</metadata>
						
		</resource>
				<resource identifier="category6-question100" type="imsqti_item_xmlv2p0" href="./category6-question100.xml">
			<metadata>
				<schema>IMS QTI Item</schema>
				<schemaversion>2.0</schemaversion>
				<imsmd:lom>
					<imsmd:general>
						<imsmd:identifier>category6-question100</imsmd:identifier>
						<imsmd:title>
							<imsmd:langstring xml:lang="en_utf8">TESTING: quality resp</imsmd:langstring>
						</imsmd:title>
						<imsmd:description>
							<imsmd:langstring xml:lang="en">Question 100 from category 6</imsmd:langstring>
						</imsmd:description>
					</imsmd:general>
					<imsmd:lifecycle>
						<imsmd:version>
							<imsmd:langstring xml:lang="en">1.0</imsmd:langstring>
						</imsmd:version>
						<imsmd:status>
							<imsmd:source>
								<imsmd:langstring xml:lang="en">LOMv1.0</imsmd:langstring>
							</imsmd:source>
							<imsmd:value>
								<imsmd:langstring xml:lang="en">Draft</imsmd:langstring>
							</imsmd:value>
						</imsmd:status>
					</imsmd:lifecycle>
				</imsmd:lom>
				<imsqti:qtiMetadata>
					<imsqti:timeDependent>false</imsqti:timeDependent>
					<imsqti:interactionType>choiceInteraction</imsqti:interactionType>
					<imsqti:canComputerScore>true</imsqti:canComputerScore>
					<imsqti:feedbackType>nonadaptive</imsqti:feedbackType>
					<imsqti:solutionAvailable>true</imsqti:solutionAvailable>
				</imsqti:qtiMetadata>
			</metadata>
						
		</resource>
				<resource identifier="category6-question103" type="imsqti_item_xmlv2p0" href="./category6-question103.xml">
			<metadata>
				<schema>IMS QTI Item</schema>
				<schemaversion>2.0</schemaversion>
				<imsmd:lom>
					<imsmd:general>
						<imsmd:identifier>category6-question103</imsmd:identifier>
						<imsmd:title>
							<imsmd:langstring xml:lang="en_utf8">TESTING: regression</imsmd:langstring>
						</imsmd:title>
						<imsmd:description>
							<imsmd:langstring xml:lang="en">Question 103 from category 6</imsmd:langstring>
						</imsmd:description>
					</imsmd:general>
					<imsmd:lifecycle>
						<imsmd:version>
							<imsmd:langstring xml:lang="en">1.0</imsmd:langstring>
						</imsmd:version>
						<imsmd:status>
							<imsmd:source>
								<imsmd:langstring xml:lang="en">LOMv1.0</imsmd:langstring>
							</imsmd:source>
							<imsmd:value>
								<imsmd:langstring xml:lang="en">Draft</imsmd:langstring>
							</imsmd:value>
						</imsmd:status>
					</imsmd:lifecycle>
				</imsmd:lom>
				<imsqti:qtiMetadata>
					<imsqti:timeDependent>false</imsqti:timeDependent>
					<imsqti:interactionType>choiceInteraction</imsqti:interactionType>
					<imsqti:canComputerScore>true</imsqti:canComputerScore>
					<imsqti:feedbackType>nonadaptive</imsqti:feedbackType>
					<imsqti:solutionAvailable>true</imsqti:solutionAvailable>
				</imsqti:qtiMetadata>
			</metadata>
						
		</resource>
				<resource identifier="category6-question109" type="imsqti_item_xmlv2p0" href="./category6-question109.xml">
			<metadata>
				<schema>IMS QTI Item</schema>
				<schemaversion>2.0</schemaversion>
				<imsmd:lom>
					<imsmd:general>
						<imsmd:identifier>category6-question109</imsmd:identifier>
						<imsmd:title>
							<imsmd:langstring xml:lang="en_utf8">TESTING: smoke</imsmd:langstring>
						</imsmd:title>
						<imsmd:description>
							<imsmd:langstring xml:lang="en">Question 109 from category 6</imsmd:langstring>
						</imsmd:description>
					</imsmd:general>
					<imsmd:lifecycle>
						<imsmd:version>
							<imsmd:langstring xml:lang="en">1.0</imsmd:langstring>
						</imsmd:version>
						<imsmd:status>
							<imsmd:source>
								<imsmd:langstring xml:lang="en">LOMv1.0</imsmd:langstring>
							</imsmd:source>
							<imsmd:value>
								<imsmd:langstring xml:lang="en">Draft</imsmd:langstring>
							</imsmd:value>
						</imsmd:status>
					</imsmd:lifecycle>
				</imsmd:lom>
				<imsqti:qtiMetadata>
					<imsqti:timeDependent>false</imsqti:timeDependent>
					<imsqti:interactionType>choiceInteraction</imsqti:interactionType>
					<imsqti:canComputerScore>true</imsqti:canComputerScore>
					<imsqti:feedbackType>nonadaptive</imsqti:feedbackType>
					<imsqti:solutionAvailable>true</imsqti:solutionAvailable>
				</imsqti:qtiMetadata>
			</metadata>
						
		</resource>
				<resource identifier="category6-question101" type="imsqti_item_xmlv2p0" href="./category6-question101.xml">
			<metadata>
				<schema>IMS QTI Item</schema>
				<schemaversion>2.0</schemaversion>
				<imsmd:lom>
					<imsmd:general>
						<imsmd:identifier>category6-question101</imsmd:identifier>
						<imsmd:title>
							<imsmd:langstring xml:lang="en_utf8">TESTING: test case defn</imsmd:langstring>
						</imsmd:title>
						<imsmd:description>
							<imsmd:langstring xml:lang="en">Question 101 from category 6</imsmd:langstring>
						</imsmd:description>
					</imsmd:general>
					<imsmd:lifecycle>
						<imsmd:version>
							<imsmd:langstring xml:lang="en">1.0</imsmd:langstring>
						</imsmd:version>
						<imsmd:status>
							<imsmd:source>
								<imsmd:langstring xml:lang="en">LOMv1.0</imsmd:langstring>
							</imsmd:source>
							<imsmd:value>
								<imsmd:langstring xml:lang="en">Draft</imsmd:langstring>
							</imsmd:value>
						</imsmd:status>
					</imsmd:lifecycle>
				</imsmd:lom>
				<imsqti:qtiMetadata>
					<imsqti:timeDependent>false</imsqti:timeDependent>
					<imsqti:interactionType>choiceInteraction</imsqti:interactionType>
					<imsqti:canComputerScore>true</imsqti:canComputerScore>
					<imsqti:feedbackType>nonadaptive</imsqti:feedbackType>
					<imsqti:solutionAvailable>true</imsqti:solutionAvailable>
				</imsqti:qtiMetadata>
			</metadata>
						
		</resource>
				<resource identifier="category6-question44" type="imsqti_item_xmlv2p0" href="./category6-question44.xml">
			<metadata>
				<schema>IMS QTI Item</schema>
				<schemaversion>2.0</schemaversion>
				<imsmd:lom>
					<imsmd:general>
						<imsmd:identifier>category6-question44</imsmd:identifier>
						<imsmd:title>
							<imsmd:langstring xml:lang="en_utf8">Risk: RE calculation</imsmd:langstring>
						</imsmd:title>
						<imsmd:description>
							<imsmd:langstring xml:lang="en">Question 44 from category 6</imsmd:langstring>
						</imsmd:description>
					</imsmd:general>
					<imsmd:lifecycle>
						<imsmd:version>
							<imsmd:langstring xml:lang="en">1.0</imsmd:langstring>
						</imsmd:version>
						<imsmd:status>
							<imsmd:source>
								<imsmd:langstring xml:lang="en">LOMv1.0</imsmd:langstring>
							</imsmd:source>
							<imsmd:value>
								<imsmd:langstring xml:lang="en">Draft</imsmd:langstring>
							</imsmd:value>
						</imsmd:status>
					</imsmd:lifecycle>
				</imsmd:lom>
				<imsqti:qtiMetadata>
					<imsqti:timeDependent>false</imsqti:timeDependent>
					<imsqti:interactionType>textInteraction</imsqti:interactionType>
					<imsqti:canComputerScore>true</imsqti:canComputerScore>
					<imsqti:feedbackType>nonadaptive</imsqti:feedbackType>
					<imsqti:solutionAvailable>true</imsqti:solutionAvailable>
				</imsqti:qtiMetadata>
			</metadata>
						
		</resource>
				<resource identifier="category6-question59" type="imsqti_item_xmlv2p0" href="./category6-question59.xml">
			<metadata>
				<schema>IMS QTI Item</schema>
				<schemaversion>2.0</schemaversion>
				<imsmd:lom>
					<imsmd:general>
						<imsmd:identifier>category6-question59</imsmd:identifier>
						<imsmd:title>
							<imsmd:langstring xml:lang="en_utf8">DEFECT C: Fix time</imsmd:langstring>
						</imsmd:title>
						<imsmd:description>
							<imsmd:langstring xml:lang="en">Question 59 from category 6</imsmd:langstring>
						</imsmd:description>
					</imsmd:general>
					<imsmd:lifecycle>
						<imsmd:version>
							<imsmd:langstring xml:lang="en">1.0</imsmd:langstring>
						</imsmd:version>
						<imsmd:status>
							<imsmd:source>
								<imsmd:langstring xml:lang="en">LOMv1.0</imsmd:langstring>
							</imsmd:source>
							<imsmd:value>
								<imsmd:langstring xml:lang="en">Draft</imsmd:langstring>
							</imsmd:value>
						</imsmd:status>
					</imsmd:lifecycle>
				</imsmd:lom>
				<imsqti:qtiMetadata>
					<imsqti:timeDependent>false</imsqti:timeDependent>
					<imsqti:interactionType>textInteraction</imsqti:interactionType>
					<imsqti:canComputerScore>true</imsqti:canComputerScore>
					<imsqti:feedbackType>nonadaptive</imsqti:feedbackType>
					<imsqti:solutionAvailable>true</imsqti:solutionAvailable>
				</imsqti:qtiMetadata>
			</metadata>
						
		</resource>
				<resource identifier="category6-question62" type="imsqti_item_xmlv2p0" href="./category6-question62.xml">
			<metadata>
				<schema>IMS QTI Item</schema>
				<schemaversion>2.0</schemaversion>
				<imsmd:lom>
					<imsmd:general>
						<imsmd:identifier>category6-question62</imsmd:identifier>
						<imsmd:title>
							<imsmd:langstring xml:lang="en_utf8">DEFECT I: process</imsmd:langstring>
						</imsmd:title>
						<imsmd:description>
							<imsmd:langstring xml:lang="en">Question 62 from category 6</imsmd:langstring>
						</imsmd:description>
					</imsmd:general>
					<imsmd:lifecycle>
						<imsmd:version>
							<imsmd:langstring xml:lang="en">1.0</imsmd:langstring>
						</imsmd:version>
						<imsmd:status>
							<imsmd:source>
								<imsmd:langstring xml:lang="en">LOMv1.0</imsmd:langstring>
							</imsmd:source>
							<imsmd:value>
								<imsmd:langstring xml:lang="en">Draft</imsmd:langstring>
							</imsmd:value>
						</imsmd:status>
					</imsmd:lifecycle>
				</imsmd:lom>
				<imsqti:qtiMetadata>
					<imsqti:timeDependent>false</imsqti:timeDependent>
					<imsqti:interactionType>textInteraction</imsqti:interactionType>
					<imsqti:canComputerScore>true</imsqti:canComputerScore>
					<imsqti:feedbackType>nonadaptive</imsqti:feedbackType>
					<imsqti:solutionAvailable>true</imsqti:solutionAvailable>
				</imsqti:qtiMetadata>
			</metadata>
						
		</resource>
				<resource identifier="category6-question28" type="imsqti_item_xmlv2p0" href="./category6-question28.xml">
			<metadata>
				<schema>IMS QTI Item</schema>
				<schemaversion>2.0</schemaversion>
				<imsmd:lom>
					<imsmd:general>
						<imsmd:identifier>category6-question28</imsmd:identifier>
						<imsmd:title>
							<imsmd:langstring xml:lang="en_utf8">Estimates: process</imsmd:langstring>
						</imsmd:title>
						<imsmd:description>
							<imsmd:langstring xml:lang="en">Question 28 from category 6</imsmd:langstring>
						</imsmd:description>
					</imsmd:general>
					<imsmd:lifecycle>
						<imsmd:version>
							<imsmd:langstring xml:lang="en">1.0</imsmd:langstring>
						</imsmd:version>
						<imsmd:status>
							<imsmd:source>
								<imsmd:langstring xml:lang="en">LOMv1.0</imsmd:langstring>
							</imsmd:source>
							<imsmd:value>
								<imsmd:langstring xml:lang="en">Draft</imsmd:langstring>
							</imsmd:value>
						</imsmd:status>
					</imsmd:lifecycle>
				</imsmd:lom>
				<imsqti:qtiMetadata>
					<imsqti:timeDependent>false</imsqti:timeDependent>
					<imsqti:interactionType>textInteraction</imsqti:interactionType>
					<imsqti:canComputerScore>true</imsqti:canComputerScore>
					<imsqti:feedbackType>nonadaptive</imsqti:feedbackType>
					<imsqti:solutionAvailable>true</imsqti:solutionAvailable>
				</imsqti:qtiMetadata>
			</metadata>
						
		</resource>
				<resource identifier="category6-question129" type="imsqti_item_xmlv2p0" href="./category6-question129.xml">
			<metadata>
				<schema>IMS QTI Item</schema>
				<schemaversion>2.0</schemaversion>
				<imsmd:lom>
					<imsmd:general>
						<imsmd:identifier>category6-question129</imsmd:identifier>
						<imsmd:title>
							<imsmd:langstring xml:lang="en_utf8">Postmortem: court</imsmd:langstring>
						</imsmd:title>
						<imsmd:description>
							<imsmd:langstring xml:lang="en">Question 129 from category 6</imsmd:langstring>
						</imsmd:description>
					</imsmd:general>
					<imsmd:lifecycle>
						<imsmd:version>
							<imsmd:langstring xml:lang="en">1.0</imsmd:langstring>
						</imsmd:version>
						<imsmd:status>
							<imsmd:source>
								<imsmd:langstring xml:lang="en">LOMv1.0</imsmd:langstring>
							</imsmd:source>
							<imsmd:value>
								<imsmd:langstring xml:lang="en">Draft</imsmd:langstring>
							</imsmd:value>
						</imsmd:status>
					</imsmd:lifecycle>
				</imsmd:lom>
				<imsqti:qtiMetadata>
					<imsqti:timeDependent>false</imsqti:timeDependent>
					<imsqti:interactionType>textInteraction</imsqti:interactionType>
					<imsqti:canComputerScore>true</imsqti:canComputerScore>
					<imsqti:feedbackType>nonadaptive</imsqti:feedbackType>
					<imsqti:solutionAvailable>true</imsqti:solutionAvailable>
				</imsqti:qtiMetadata>
			</metadata>
						
		</resource>
				<resource identifier="category6-question134" type="imsqti_item_xmlv2p0" href="./category6-question134.xml">
			<metadata>
				<schema>IMS QTI Item</schema>
				<schemaversion>2.0</schemaversion>
				<imsmd:lom>
					<imsmd:general>
						<imsmd:identifier>category6-question134</imsmd:identifier>
						<imsmd:title>
							<imsmd:langstring xml:lang="en_utf8">Postmortem: history</imsmd:langstring>
						</imsmd:title>
						<imsmd:description>
							<imsmd:langstring xml:lang="en">Question 134 from category 6</imsmd:langstring>
						</imsmd:description>
					</imsmd:general>
					<imsmd:lifecycle>
						<imsmd:version>
							<imsmd:langstring xml:lang="en">1.0</imsmd:langstring>
						</imsmd:version>
						<imsmd:status>
							<imsmd:source>
								<imsmd:langstring xml:lang="en">LOMv1.0</imsmd:langstring>
							</imsmd:source>
							<imsmd:value>
								<imsmd:langstring xml:lang="en">Draft</imsmd:langstring>
							</imsmd:value>
						</imsmd:status>
					</imsmd:lifecycle>
				</imsmd:lom>
				<imsqti:qtiMetadata>
					<imsqti:timeDependent>false</imsqti:timeDependent>
					<imsqti:interactionType>textInteraction</imsqti:interactionType>
					<imsqti:canComputerScore>true</imsqti:canComputerScore>
					<imsqti:feedbackType>nonadaptive</imsqti:feedbackType>
					<imsqti:solutionAvailable>true</imsqti:solutionAvailable>
				</imsqti:qtiMetadata>
			</metadata>
						
		</resource>
				<resource identifier="category6-question43" type="imsqti_item_xmlv2p0" href="./category6-question43.xml">
			<metadata>
				<schema>IMS QTI Item</schema>
				<schemaversion>2.0</schemaversion>
				<imsmd:lom>
					<imsmd:general>
						<imsmd:identifier>category6-question43</imsmd:identifier>
						<imsmd:title>
							<imsmd:langstring xml:lang="en_utf8">Risk: FIB</imsmd:langstring>
						</imsmd:title>
						<imsmd:description>
							<imsmd:langstring xml:lang="en">Question 43 from category 6</imsmd:langstring>
						</imsmd:description>
					</imsmd:general>
					<imsmd:lifecycle>
						<imsmd:version>
							<imsmd:langstring xml:lang="en">1.0</imsmd:langstring>
						</imsmd:version>
						<imsmd:status>
							<imsmd:source>
								<imsmd:langstring xml:lang="en">LOMv1.0</imsmd:langstring>
							</imsmd:source>
							<imsmd:value>
								<imsmd:langstring xml:lang="en">Draft</imsmd:langstring>
							</imsmd:value>
						</imsmd:status>
					</imsmd:lifecycle>
				</imsmd:lom>
				<imsqti:qtiMetadata>
					<imsqti:timeDependent>false</imsqti:timeDependent>
					<imsqti:interactionType>textInteraction</imsqti:interactionType>
					<imsqti:canComputerScore>true</imsqti:canComputerScore>
					<imsqti:feedbackType>nonadaptive</imsqti:feedbackType>
					<imsqti:solutionAvailable>true</imsqti:solutionAvailable>
				</imsqti:qtiMetadata>
			</metadata>
						
		</resource>
				<resource identifier="category6-question50" type="imsqti_item_xmlv2p0" href="./category6-question50.xml">
			<metadata>
				<schema>IMS QTI Item</schema>
				<schemaversion>2.0</schemaversion>
				<imsmd:lom>
					<imsmd:general>
						<imsmd:identifier>category6-question50</imsmd:identifier>
						<imsmd:title>
							<imsmd:langstring xml:lang="en_utf8">Risk: RE relative scale</imsmd:langstring>
						</imsmd:title>
						<imsmd:description>
							<imsmd:langstring xml:lang="en">Question 50 from category 6</imsmd:langstring>
						</imsmd:description>
					</imsmd:general>
					<imsmd:lifecycle>
						<imsmd:version>
							<imsmd:langstring xml:lang="en">1.0</imsmd:langstring>
						</imsmd:version>
						<imsmd:status>
							<imsmd:source>
								<imsmd:langstring xml:lang="en">LOMv1.0</imsmd:langstring>
							</imsmd:source>
							<imsmd:value>
								<imsmd:langstring xml:lang="en">Draft</imsmd:langstring>
							</imsmd:value>
						</imsmd:status>
					</imsmd:lifecycle>
				</imsmd:lom>
				<imsqti:qtiMetadata>
					<imsqti:timeDependent>false</imsqti:timeDependent>
					<imsqti:interactionType>textInteraction</imsqti:interactionType>
					<imsqti:canComputerScore>true</imsqti:canComputerScore>
					<imsqti:feedbackType>nonadaptive</imsqti:feedbackType>
					<imsqti:solutionAvailable>true</imsqti:solutionAvailable>
				</imsqti:qtiMetadata>
			</metadata>
						
		</resource>
				<resource identifier="category6-question91" type="imsqti_item_xmlv2p0" href="./category6-question91.xml">
			<metadata>
				<schema>IMS QTI Item</schema>
				<schemaversion>2.0</schemaversion>
				<imsmd:lom>
					<imsmd:general>
						<imsmd:identifier>category6-question91</imsmd:identifier>
						<imsmd:title>
							<imsmd:langstring xml:lang="en_utf8">Task Planning: baseline</imsmd:langstring>
						</imsmd:title>
						<imsmd:description>
							<imsmd:langstring xml:lang="en">Question 91 from category 6</imsmd:langstring>
						</imsmd:description>
					</imsmd:general>
					<imsmd:lifecycle>
						<imsmd:version>
							<imsmd:langstring xml:lang="en">1.0</imsmd:langstring>
						</imsmd:version>
						<imsmd:status>
							<imsmd:source>
								<imsmd:langstring xml:lang="en">LOMv1.0</imsmd:langstring>
							</imsmd:source>
							<imsmd:value>
								<imsmd:langstring xml:lang="en">Draft</imsmd:langstring>
							</imsmd:value>
						</imsmd:status>
					</imsmd:lifecycle>
				</imsmd:lom>
				<imsqti:qtiMetadata>
					<imsqti:timeDependent>false</imsqti:timeDependent>
					<imsqti:interactionType>textInteraction</imsqti:interactionType>
					<imsqti:canComputerScore>true</imsqti:canComputerScore>
					<imsqti:feedbackType>nonadaptive</imsqti:feedbackType>
					<imsqti:solutionAvailable>true</imsqti:solutionAvailable>
				</imsqti:qtiMetadata>
			</metadata>
						
		</resource>
				<resource identifier="category6-question90" type="imsqti_item_xmlv2p0" href="./category6-question90.xml">
			<metadata>
				<schema>IMS QTI Item</schema>
				<schemaversion>2.0</schemaversion>
				<imsmd:lom>
					<imsmd:general>
						<imsmd:identifier>category6-question90</imsmd:identifier>
						<imsmd:title>
							<imsmd:langstring xml:lang="en_utf8">Task Planning: buffers</imsmd:langstring>
						</imsmd:title>
						<imsmd:description>
							<imsmd:langstring xml:lang="en">Question 90 from category 6</imsmd:langstring>
						</imsmd:description>
					</imsmd:general>
					<imsmd:lifecycle>
						<imsmd:version>
							<imsmd:langstring xml:lang="en">1.0</imsmd:langstring>
						</imsmd:version>
						<imsmd:status>
							<imsmd:source>
								<imsmd:langstring xml:lang="en">LOMv1.0</imsmd:langstring>
							</imsmd:source>
							<imsmd:value>
								<imsmd:langstring xml:lang="en">Draft</imsmd:langstring>
							</imsmd:value>
						</imsmd:status>
					</imsmd:lifecycle>
				</imsmd:lom>
				<imsqti:qtiMetadata>
					<imsqti:timeDependent>false</imsqti:timeDependent>
					<imsqti:interactionType>textInteraction</imsqti:interactionType>
					<imsqti:canComputerScore>true</imsqti:canComputerScore>
					<imsqti:feedbackType>nonadaptive</imsqti:feedbackType>
					<imsqti:solutionAvailable>true</imsqti:solutionAvailable>
				</imsqti:qtiMetadata>
			</metadata>
						
		</resource>
				<resource identifier="category6-question89" type="imsqti_item_xmlv2p0" href="./category6-question89.xml">
			<metadata>
				<schema>IMS QTI Item</schema>
				<schemaversion>2.0</schemaversion>
				<imsmd:lom>
					<imsmd:general>
						<imsmd:identifier>category6-question89</imsmd:identifier>
						<imsmd:title>
							<imsmd:langstring xml:lang="en_utf8">Task Planning: criticalpath</imsmd:langstring>
						</imsmd:title>
						<imsmd:description>
							<imsmd:langstring xml:lang="en">Question 89 from category 6</imsmd:langstring>
						</imsmd:description>
					</imsmd:general>
					<imsmd:lifecycle>
						<imsmd:version>
							<imsmd:langstring xml:lang="en">1.0</imsmd:langstring>
						</imsmd:version>
						<imsmd:status>
							<imsmd:source>
								<imsmd:langstring xml:lang="en">LOMv1.0</imsmd:langstring>
							</imsmd:source>
							<imsmd:value>
								<imsmd:langstring xml:lang="en">Draft</imsmd:langstring>
							</imsmd:value>
						</imsmd:status>
					</imsmd:lifecycle>
				</imsmd:lom>
				<imsqti:qtiMetadata>
					<imsqti:timeDependent>false</imsqti:timeDependent>
					<imsqti:interactionType>textInteraction</imsqti:interactionType>
					<imsqti:canComputerScore>true</imsqti:canComputerScore>
					<imsqti:feedbackType>nonadaptive</imsqti:feedbackType>
					<imsqti:solutionAvailable>true</imsqti:solutionAvailable>
				</imsqti:qtiMetadata>
			</metadata>
						
		</resource>
				<resource identifier="category6-question85" type="imsqti_item_xmlv2p0" href="./category6-question85.xml">
			<metadata>
				<schema>IMS QTI Item</schema>
				<schemaversion>2.0</schemaversion>
				<imsmd:lom>
					<imsmd:general>
						<imsmd:identifier>category6-question85</imsmd:identifier>
						<imsmd:title>
							<imsmd:langstring xml:lang="en_utf8">Task Planning: dependency</imsmd:langstring>
						</imsmd:title>
						<imsmd:description>
							<imsmd:langstring xml:lang="en">Question 85 from category 6</imsmd:langstring>
						</imsmd:description>
					</imsmd:general>
					<imsmd:lifecycle>
						<imsmd:version>
							<imsmd:langstring xml:lang="en">1.0</imsmd:langstring>
						</imsmd:version>
						<imsmd:status>
							<imsmd:source>
								<imsmd:langstring xml:lang="en">LOMv1.0</imsmd:langstring>
							</imsmd:source>
							<imsmd:value>
								<imsmd:langstring xml:lang="en">Draft</imsmd:langstring>
							</imsmd:value>
						</imsmd:status>
					</imsmd:lifecycle>
				</imsmd:lom>
				<imsqti:qtiMetadata>
					<imsqti:timeDependent>false</imsqti:timeDependent>
					<imsqti:interactionType>textInteraction</imsqti:interactionType>
					<imsqti:canComputerScore>true</imsqti:canComputerScore>
					<imsqti:feedbackType>nonadaptive</imsqti:feedbackType>
					<imsqti:solutionAvailable>true</imsqti:solutionAvailable>
				</imsqti:qtiMetadata>
			</metadata>
						
		</resource>
				<resource identifier="category6-question87" type="imsqti_item_xmlv2p0" href="./category6-question87.xml">
			<metadata>
				<schema>IMS QTI Item</schema>
				<schemaversion>2.0</schemaversion>
				<imsmd:lom>
					<imsmd:general>
						<imsmd:identifier>category6-question87</imsmd:identifier>
						<imsmd:title>
							<imsmd:langstring xml:lang="en_utf8">Task Planning: Gantt</imsmd:langstring>
						</imsmd:title>
						<imsmd:description>
							<imsmd:langstring xml:lang="en">Question 87 from category 6</imsmd:langstring>
						</imsmd:description>
					</imsmd:general>
					<imsmd:lifecycle>
						<imsmd:version>
							<imsmd:langstring xml:lang="en">1.0</imsmd:langstring>
						</imsmd:version>
						<imsmd:status>
							<imsmd:source>
								<imsmd:langstring xml:lang="en">LOMv1.0</imsmd:langstring>
							</imsmd:source>
							<imsmd:value>
								<imsmd:langstring xml:lang="en">Draft</imsmd:langstring>
							</imsmd:value>
						</imsmd:status>
					</imsmd:lifecycle>
				</imsmd:lom>
				<imsqti:qtiMetadata>
					<imsqti:timeDependent>false</imsqti:timeDependent>
					<imsqti:interactionType>textInteraction</imsqti:interactionType>
					<imsqti:canComputerScore>true</imsqti:canComputerScore>
					<imsqti:feedbackType>nonadaptive</imsqti:feedbackType>
					<imsqti:solutionAvailable>true</imsqti:solutionAvailable>
				</imsqti:qtiMetadata>
			</metadata>
						
		</resource>
				<resource identifier="category6-question88" type="imsqti_item_xmlv2p0" href="./category6-question88.xml">
			<metadata>
				<schema>IMS QTI Item</schema>
				<schemaversion>2.0</schemaversion>
				<imsmd:lom>
					<imsmd:general>
						<imsmd:identifier>category6-question88</imsmd:identifier>
						<imsmd:title>
							<imsmd:langstring xml:lang="en_utf8">Task Planning: slack</imsmd:langstring>
						</imsmd:title>
						<imsmd:description>
							<imsmd:langstring xml:lang="en">Question 88 from category 6</imsmd:langstring>
						</imsmd:description>
					</imsmd:general>
					<imsmd:lifecycle>
						<imsmd:version>
							<imsmd:langstring xml:lang="en">1.0</imsmd:langstring>
						</imsmd:version>
						<imsmd:status>
							<imsmd:source>
								<imsmd:langstring xml:lang="en">LOMv1.0</imsmd:langstring>
							</imsmd:source>
							<imsmd:value>
								<imsmd:langstring xml:lang="en">Draft</imsmd:langstring>
							</imsmd:value>
						</imsmd:status>
					</imsmd:lifecycle>
				</imsmd:lom>
				<imsqti:qtiMetadata>
					<imsqti:timeDependent>false</imsqti:timeDependent>
					<imsqti:interactionType>textInteraction</imsqti:interactionType>
					<imsqti:canComputerScore>true</imsqti:canComputerScore>
					<imsqti:feedbackType>nonadaptive</imsqti:feedbackType>
					<imsqti:solutionAvailable>true</imsqti:solutionAvailable>
				</imsqti:qtiMetadata>
			</metadata>
						
		</resource>
				<resource identifier="category6-question99" type="imsqti_item_xmlv2p0" href="./category6-question99.xml">
			<metadata>
				<schema>IMS QTI Item</schema>
				<schemaversion>2.0</schemaversion>
				<imsmd:lom>
					<imsmd:general>
						<imsmd:identifier>category6-question99</imsmd:identifier>
						<imsmd:title>
							<imsmd:langstring xml:lang="en_utf8">TESTING: quality defn</imsmd:langstring>
						</imsmd:title>
						<imsmd:description>
							<imsmd:langstring xml:lang="en">Question 99 from category 6</imsmd:langstring>
						</imsmd:description>
					</imsmd:general>
					<imsmd:lifecycle>
						<imsmd:version>
							<imsmd:langstring xml:lang="en">1.0</imsmd:langstring>
						</imsmd:version>
						<imsmd:status>
							<imsmd:source>
								<imsmd:langstring xml:lang="en">LOMv1.0</imsmd:langstring>
							</imsmd:source>
							<imsmd:value>
								<imsmd:langstring xml:lang="en">Draft</imsmd:langstring>
							</imsmd:value>
						</imsmd:status>
					</imsmd:lifecycle>
				</imsmd:lom>
				<imsqti:qtiMetadata>
					<imsqti:timeDependent>false</imsqti:timeDependent>
					<imsqti:interactionType>textInteraction</imsqti:interactionType>
					<imsqti:canComputerScore>true</imsqti:canComputerScore>
					<imsqti:feedbackType>nonadaptive</imsqti:feedbackType>
					<imsqti:solutionAvailable>true</imsqti:solutionAvailable>
				</imsqti:qtiMetadata>
			</metadata>
						
		</resource>
				<resource identifier="category6-question106" type="imsqti_item_xmlv2p0" href="./category6-question106.xml">
			<metadata>
				<schema>IMS QTI Item</schema>
				<schemaversion>2.0</schemaversion>
				<imsmd:lom>
					<imsmd:general>
						<imsmd:identifier>category6-question106</imsmd:identifier>
						<imsmd:title>
							<imsmd:langstring xml:lang="en_utf8">TESTING: triage</imsmd:langstring>
						</imsmd:title>
						<imsmd:description>
							<imsmd:langstring xml:lang="en">Question 106 from category 6</imsmd:langstring>
						</imsmd:description>
					</imsmd:general>
					<imsmd:lifecycle>
						<imsmd:version>
							<imsmd:langstring xml:lang="en">1.0</imsmd:langstring>
						</imsmd:version>
						<imsmd:status>
							<imsmd:source>
								<imsmd:langstring xml:lang="en">LOMv1.0</imsmd:langstring>
							</imsmd:source>
							<imsmd:value>
								<imsmd:langstring xml:lang="en">Draft</imsmd:langstring>
							</imsmd:value>
						</imsmd:status>
					</imsmd:lifecycle>
				</imsmd:lom>
				<imsqti:qtiMetadata>
					<imsqti:timeDependent>false</imsqti:timeDependent>
					<imsqti:interactionType>textInteraction</imsqti:interactionType>
					<imsqti:canComputerScore>true</imsqti:canComputerScore>
					<imsqti:feedbackType>nonadaptive</imsqti:feedbackType>
					<imsqti:solutionAvailable>true</imsqti:solutionAvailable>
				</imsqti:qtiMetadata>
			</metadata>
						
		</resource>
				<resource identifier="category6-question61" type="imsqti_item_xmlv2p0" href="./category6-question61.xml">
			<metadata>
				<schema>IMS QTI Item</schema>
				<schemaversion>2.0</schemaversion>
				<imsmd:lom>
					<imsmd:general>
						<imsmd:identifier>category6-question61</imsmd:identifier>
						<imsmd:title>
							<imsmd:langstring xml:lang="en_utf8">DEFECT C: Rayleigh curve</imsmd:langstring>
						</imsmd:title>
						<imsmd:description>
							<imsmd:langstring xml:lang="en">Question 61 from category 6</imsmd:langstring>
						</imsmd:description>
					</imsmd:general>
					<imsmd:lifecycle>
						<imsmd:version>
							<imsmd:langstring xml:lang="en">1.0</imsmd:langstring>
						</imsmd:version>
						<imsmd:status>
							<imsmd:source>
								<imsmd:langstring xml:lang="en">LOMv1.0</imsmd:langstring>
							</imsmd:source>
							<imsmd:value>
								<imsmd:langstring xml:lang="en">Draft</imsmd:langstring>
							</imsmd:value>
						</imsmd:status>
					</imsmd:lifecycle>
				</imsmd:lom>
				<imsqti:qtiMetadata>
					<imsqti:timeDependent>false</imsqti:timeDependent>
					<imsqti:interactionType>choiceInteraction</imsqti:interactionType>
					<imsqti:canComputerScore>true</imsqti:canComputerScore>
					<imsqti:feedbackType>nonadaptive</imsqti:feedbackType>
					<imsqti:solutionAvailable>true</imsqti:solutionAvailable>
				</imsqti:qtiMetadata>
			</metadata>
						
		</resource>
				<resource identifier="category6-question8" type="imsqti_item_xmlv2p0" href="./category6-question8.xml">
			<metadata>
				<schema>IMS QTI Item</schema>
				<schemaversion>2.0</schemaversion>
				<imsmd:lom>
					<imsmd:general>
						<imsmd:identifier>category6-question8</imsmd:identifier>
						<imsmd:title>
							<imsmd:langstring xml:lang="en_utf8">Earned Value definition</imsmd:langstring>
						</imsmd:title>
						<imsmd:description>
							<imsmd:langstring xml:lang="en">Question 8 from category 6</imsmd:langstring>
						</imsmd:description>
					</imsmd:general>
					<imsmd:lifecycle>
						<imsmd:version>
							<imsmd:langstring xml:lang="en">1.0</imsmd:langstring>
						</imsmd:version>
						<imsmd:status>
							<imsmd:source>
								<imsmd:langstring xml:lang="en">LOMv1.0</imsmd:langstring>
							</imsmd:source>
							<imsmd:value>
								<imsmd:langstring xml:lang="en">Draft</imsmd:langstring>
							</imsmd:value>
						</imsmd:status>
					</imsmd:lifecycle>
				</imsmd:lom>
				<imsqti:qtiMetadata>
					<imsqti:timeDependent>false</imsqti:timeDependent>
					<imsqti:interactionType>choiceInteraction</imsqti:interactionType>
					<imsqti:canComputerScore>true</imsqti:canComputerScore>
					<imsqti:feedbackType>nonadaptive</imsqti:feedbackType>
					<imsqti:solutionAvailable>true</imsqti:solutionAvailable>
				</imsqti:qtiMetadata>
			</metadata>
						
		</resource>
				<resource identifier="category6-question9" type="imsqti_item_xmlv2p0" href="./category6-question9.xml">
			<metadata>
				<schema>IMS QTI Item</schema>
				<schemaversion>2.0</schemaversion>
				<imsmd:lom>
					<imsmd:general>
						<imsmd:identifier>category6-question9</imsmd:identifier>
						<imsmd:title>
							<imsmd:langstring xml:lang="en_utf8">EV definition 2</imsmd:langstring>
						</imsmd:title>
						<imsmd:description>
							<imsmd:langstring xml:lang="en">Question 9 from category 6</imsmd:langstring>
						</imsmd:description>
					</imsmd:general>
					<imsmd:lifecycle>
						<imsmd:version>
							<imsmd:langstring xml:lang="en">1.0</imsmd:langstring>
						</imsmd:version>
						<imsmd:status>
							<imsmd:source>
								<imsmd:langstring xml:lang="en">LOMv1.0</imsmd:langstring>
							</imsmd:source>
							<imsmd:value>
								<imsmd:langstring xml:lang="en">Draft</imsmd:langstring>
							</imsmd:value>
						</imsmd:status>
					</imsmd:lifecycle>
				</imsmd:lom>
				<imsqti:qtiMetadata>
					<imsqti:timeDependent>false</imsqti:timeDependent>
					<imsqti:interactionType>choiceInteraction</imsqti:interactionType>
					<imsqti:canComputerScore>true</imsqti:canComputerScore>
					<imsqti:feedbackType>nonadaptive</imsqti:feedbackType>
					<imsqti:solutionAvailable>true</imsqti:solutionAvailable>
				</imsqti:qtiMetadata>
			</metadata>
						
		</resource>
				<resource identifier="category6-question133" type="imsqti_item_xmlv2p0" href="./category6-question133.xml">
			<metadata>
				<schema>IMS QTI Item</schema>
				<schemaversion>2.0</schemaversion>
				<imsmd:lom>
					<imsmd:general>
						<imsmd:identifier>category6-question133</imsmd:identifier>
						<imsmd:title>
							<imsmd:langstring xml:lang="en_utf8">Postmortem: debrief</imsmd:langstring>
						</imsmd:title>
						<imsmd:description>
							<imsmd:langstring xml:lang="en">Question 133 from category 6</imsmd:langstring>
						</imsmd:description>
					</imsmd:general>
					<imsmd:lifecycle>
						<imsmd:version>
							<imsmd:langstring xml:lang="en">1.0</imsmd:langstring>
						</imsmd:version>
						<imsmd:status>
							<imsmd:source>
								<imsmd:langstring xml:lang="en">LOMv1.0</imsmd:langstring>
							</imsmd:source>
							<imsmd:value>
								<imsmd:langstring xml:lang="en">Draft</imsmd:langstring>
							</imsmd:value>
						</imsmd:status>
					</imsmd:lifecycle>
				</imsmd:lom>
				<imsqti:qtiMetadata>
					<imsqti:timeDependent>false</imsqti:timeDependent>
					<imsqti:interactionType>choiceInteraction</imsqti:interactionType>
					<imsqti:canComputerScore>true</imsqti:canComputerScore>
					<imsqti:feedbackType>nonadaptive</imsqti:feedbackType>
					<imsqti:solutionAvailable>true</imsqti:solutionAvailable>
				</imsqti:qtiMetadata>
			</metadata>
						
		</resource>
				<resource identifier="category6-question128" type="imsqti_item_xmlv2p0" href="./category6-question128.xml">
			<metadata>
				<schema>IMS QTI Item</schema>
				<schemaversion>2.0</schemaversion>
				<imsmd:lom>
					<imsmd:general>
						<imsmd:identifier>category6-question128</imsmd:identifier>
						<imsmd:title>
							<imsmd:langstring xml:lang="en_utf8">Postmortem: failures</imsmd:langstring>
						</imsmd:title>
						<imsmd:description>
							<imsmd:langstring xml:lang="en">Question 128 from category 6</imsmd:langstring>
						</imsmd:description>
					</imsmd:general>
					<imsmd:lifecycle>
						<imsmd:version>
							<imsmd:langstring xml:lang="en">1.0</imsmd:langstring>
						</imsmd:version>
						<imsmd:status>
							<imsmd:source>
								<imsmd:langstring xml:lang="en">LOMv1.0</imsmd:langstring>
							</imsmd:source>
							<imsmd:value>
								<imsmd:langstring xml:lang="en">Draft</imsmd:langstring>
							</imsmd:value>
						</imsmd:status>
					</imsmd:lifecycle>
				</imsmd:lom>
				<imsqti:qtiMetadata>
					<imsqti:timeDependent>false</imsqti:timeDependent>
					<imsqti:interactionType>choiceInteraction</imsqti:interactionType>
					<imsqti:canComputerScore>true</imsqti:canComputerScore>
					<imsqti:feedbackType>nonadaptive</imsqti:feedbackType>
					<imsqti:solutionAvailable>true</imsqti:solutionAvailable>
				</imsqti:qtiMetadata>
			</metadata>
						
		</resource>
				<resource identifier="category6-question135" type="imsqti_item_xmlv2p0" href="./category6-question135.xml">
			<metadata>
				<schema>IMS QTI Item</schema>
				<schemaversion>2.0</schemaversion>
				<imsmd:lom>
					<imsmd:general>
						<imsmd:identifier>category6-question135</imsmd:identifier>
						<imsmd:title>
							<imsmd:langstring xml:lang="en_utf8">Postmortem: results</imsmd:langstring>
						</imsmd:title>
						<imsmd:description>
							<imsmd:langstring xml:lang="en">Question 135 from category 6</imsmd:langstring>
						</imsmd:description>
					</imsmd:general>
					<imsmd:lifecycle>
						<imsmd:version>
							<imsmd:langstring xml:lang="en">1.0</imsmd:langstring>
						</imsmd:version>
						<imsmd:status>
							<imsmd:source>
								<imsmd:langstring xml:lang="en">LOMv1.0</imsmd:langstring>
							</imsmd:source>
							<imsmd:value>
								<imsmd:langstring xml:lang="en">Draft</imsmd:langstring>
							</imsmd:value>
						</imsmd:status>
					</imsmd:lifecycle>
				</imsmd:lom>
				<imsqti:qtiMetadata>
					<imsqti:timeDependent>false</imsqti:timeDependent>
					<imsqti:interactionType>choiceInteraction</imsqti:interactionType>
					<imsqti:canComputerScore>true</imsqti:canComputerScore>
					<imsqti:feedbackType>nonadaptive</imsqti:feedbackType>
					<imsqti:solutionAvailable>true</imsqti:solutionAvailable>
				</imsqti:qtiMetadata>
			</metadata>
						
		</resource>
				<resource identifier="category6-question131" type="imsqti_item_xmlv2p0" href="./category6-question131.xml">
			<metadata>
				<schema>IMS QTI Item</schema>
				<schemaversion>2.0</schemaversion>
				<imsmd:lom>
					<imsmd:general>
						<imsmd:identifier>category6-question131</imsmd:identifier>
						<imsmd:title>
							<imsmd:langstring xml:lang="en_utf8">Postmortem: Survey</imsmd:langstring>
						</imsmd:title>
						<imsmd:description>
							<imsmd:langstring xml:lang="en">Question 131 from category 6</imsmd:langstring>
						</imsmd:description>
					</imsmd:general>
					<imsmd:lifecycle>
						<imsmd:version>
							<imsmd:langstring xml:lang="en">1.0</imsmd:langstring>
						</imsmd:version>
						<imsmd:status>
							<imsmd:source>
								<imsmd:langstring xml:lang="en">LOMv1.0</imsmd:langstring>
							</imsmd:source>
							<imsmd:value>
								<imsmd:langstring xml:lang="en">Draft</imsmd:langstring>
							</imsmd:value>
						</imsmd:status>
					</imsmd:lifecycle>
				</imsmd:lom>
				<imsqti:qtiMetadata>
					<imsqti:timeDependent>false</imsqti:timeDependent>
					<imsqti:interactionType>choiceInteraction</imsqti:interactionType>
					<imsqti:canComputerScore>true</imsqti:canComputerScore>
					<imsqti:feedbackType>nonadaptive</imsqti:feedbackType>
					<imsqti:solutionAvailable>true</imsqti:solutionAvailable>
				</imsqti:qtiMetadata>
			</metadata>
						
		</resource>
				<resource identifier="category6-question49" type="imsqti_item_xmlv2p0" href="./category6-question49.xml">
			<metadata>
				<schema>IMS QTI Item</schema>
				<schemaversion>2.0</schemaversion>
				<imsmd:lom>
					<imsmd:general>
						<imsmd:identifier>category6-question49</imsmd:identifier>
						<imsmd:title>
							<imsmd:langstring xml:lang="en_utf8">Risk: RE barrier</imsmd:langstring>
						</imsmd:title>
						<imsmd:description>
							<imsmd:langstring xml:lang="en">Question 49 from category 6</imsmd:langstring>
						</imsmd:description>
					</imsmd:general>
					<imsmd:lifecycle>
						<imsmd:version>
							<imsmd:langstring xml:lang="en">1.0</imsmd:langstring>
						</imsmd:version>
						<imsmd:status>
							<imsmd:source>
								<imsmd:langstring xml:lang="en">LOMv1.0</imsmd:langstring>
							</imsmd:source>
							<imsmd:value>
								<imsmd:langstring xml:lang="en">Draft</imsmd:langstring>
							</imsmd:value>
						</imsmd:status>
					</imsmd:lifecycle>
				</imsmd:lom>
				<imsqti:qtiMetadata>
					<imsqti:timeDependent>false</imsqti:timeDependent>
					<imsqti:interactionType>choiceInteraction</imsqti:interactionType>
					<imsqti:canComputerScore>true</imsqti:canComputerScore>
					<imsqti:feedbackType>nonadaptive</imsqti:feedbackType>
					<imsqti:solutionAvailable>true</imsqti:solutionAvailable>
				</imsqti:qtiMetadata>
			</metadata>
						
		</resource>
				<resource identifier="category6-question110" type="imsqti_item_xmlv2p0" href="./category6-question110.xml">
			<metadata>
				<schema>IMS QTI Item</schema>
				<schemaversion>2.0</schemaversion>
				<imsmd:lom>
					<imsmd:general>
						<imsmd:identifier>category6-question110</imsmd:identifier>
						<imsmd:title>
							<imsmd:langstring xml:lang="en_utf8">TESTING: Automation vs. manual</imsmd:langstring>
						</imsmd:title>
						<imsmd:description>
							<imsmd:langstring xml:lang="en">Question 110 from category 6</imsmd:langstring>
						</imsmd:description>
					</imsmd:general>
					<imsmd:lifecycle>
						<imsmd:version>
							<imsmd:langstring xml:lang="en">1.0</imsmd:langstring>
						</imsmd:version>
						<imsmd:status>
							<imsmd:source>
								<imsmd:langstring xml:lang="en">LOMv1.0</imsmd:langstring>
							</imsmd:source>
							<imsmd:value>
								<imsmd:langstring xml:lang="en">Draft</imsmd:langstring>
							</imsmd:value>
						</imsmd:status>
					</imsmd:lifecycle>
				</imsmd:lom>
				<imsqti:qtiMetadata>
					<imsqti:timeDependent>false</imsqti:timeDependent>
					<imsqti:interactionType>choiceInteraction</imsqti:interactionType>
					<imsqti:canComputerScore>true</imsqti:canComputerScore>
					<imsqti:feedbackType>nonadaptive</imsqti:feedbackType>
					<imsqti:solutionAvailable>true</imsqti:solutionAvailable>
				</imsqti:qtiMetadata>
			</metadata>
						
		</resource>
				<resource identifier="category6-question112" type="imsqti_item_xmlv2p0" href="./category6-question112.xml">
			<metadata>
				<schema>IMS QTI Item</schema>
				<schemaversion>2.0</schemaversion>
				<imsmd:lom>
					<imsmd:general>
						<imsmd:identifier>category6-question112</imsmd:identifier>
						<imsmd:title>
							<imsmd:langstring xml:lang="en_utf8">TESTING: Automation vs. manual exec</imsmd:langstring>
						</imsmd:title>
						<imsmd:description>
							<imsmd:langstring xml:lang="en">Question 112 from category 6</imsmd:langstring>
						</imsmd:description>
					</imsmd:general>
					<imsmd:lifecycle>
						<imsmd:version>
							<imsmd:langstring xml:lang="en">1.0</imsmd:langstring>
						</imsmd:version>
						<imsmd:status>
							<imsmd:source>
								<imsmd:langstring xml:lang="en">LOMv1.0</imsmd:langstring>
							</imsmd:source>
							<imsmd:value>
								<imsmd:langstring xml:lang="en">Draft</imsmd:langstring>
							</imsmd:value>
						</imsmd:status>
					</imsmd:lifecycle>
				</imsmd:lom>
				<imsqti:qtiMetadata>
					<imsqti:timeDependent>false</imsqti:timeDependent>
					<imsqti:interactionType>choiceInteraction</imsqti:interactionType>
					<imsqti:canComputerScore>true</imsqti:canComputerScore>
					<imsqti:feedbackType>nonadaptive</imsqti:feedbackType>
					<imsqti:solutionAvailable>true</imsqti:solutionAvailable>
				</imsqti:qtiMetadata>
			</metadata>
						
		</resource>
				<resource identifier="category6-question107" type="imsqti_item_xmlv2p0" href="./category6-question107.xml">
			<metadata>
				<schema>IMS QTI Item</schema>
				<schemaversion>2.0</schemaversion>
				<imsmd:lom>
					<imsmd:general>
						<imsmd:identifier>category6-question107</imsmd:identifier>
						<imsmd:title>
							<imsmd:langstring xml:lang="en_utf8">TESTING: role of tester</imsmd:langstring>
						</imsmd:title>
						<imsmd:description>
							<imsmd:langstring xml:lang="en">Question 107 from category 6</imsmd:langstring>
						</imsmd:description>
					</imsmd:general>
					<imsmd:lifecycle>
						<imsmd:version>
							<imsmd:langstring xml:lang="en">1.0</imsmd:langstring>
						</imsmd:version>
						<imsmd:status>
							<imsmd:source>
								<imsmd:langstring xml:lang="en">LOMv1.0</imsmd:langstring>
							</imsmd:source>
							<imsmd:value>
								<imsmd:langstring xml:lang="en">Draft</imsmd:langstring>
							</imsmd:value>
						</imsmd:status>
					</imsmd:lifecycle>
				</imsmd:lom>
				<imsqti:qtiMetadata>
					<imsqti:timeDependent>false</imsqti:timeDependent>
					<imsqti:interactionType>choiceInteraction</imsqti:interactionType>
					<imsqti:canComputerScore>true</imsqti:canComputerScore>
					<imsqti:feedbackType>nonadaptive</imsqti:feedbackType>
					<imsqti:solutionAvailable>true</imsqti:solutionAvailable>
				</imsqti:qtiMetadata>
			</metadata>
						
		</resource>
				<resource identifier="category6-question102" type="imsqti_item_xmlv2p0" href="./category6-question102.xml">
			<metadata>
				<schema>IMS QTI Item</schema>
				<schemaversion>2.0</schemaversion>
				<imsmd:lom>
					<imsmd:general>
						<imsmd:identifier>category6-question102</imsmd:identifier>
						<imsmd:title>
							<imsmd:langstring xml:lang="en_utf8">TESTING: test case vs. use case</imsmd:langstring>
						</imsmd:title>
						<imsmd:description>
							<imsmd:langstring xml:lang="en">Question 102 from category 6</imsmd:langstring>
						</imsmd:description>
					</imsmd:general>
					<imsmd:lifecycle>
						<imsmd:version>
							<imsmd:langstring xml:lang="en">1.0</imsmd:langstring>
						</imsmd:version>
						<imsmd:status>
							<imsmd:source>
								<imsmd:langstring xml:lang="en">LOMv1.0</imsmd:langstring>
							</imsmd:source>
							<imsmd:value>
								<imsmd:langstring xml:lang="en">Draft</imsmd:langstring>
							</imsmd:value>
						</imsmd:status>
					</imsmd:lifecycle>
				</imsmd:lom>
				<imsqti:qtiMetadata>
					<imsqti:timeDependent>false</imsqti:timeDependent>
					<imsqti:interactionType>choiceInteraction</imsqti:interactionType>
					<imsqti:canComputerScore>true</imsqti:canComputerScore>
					<imsqti:feedbackType>nonadaptive</imsqti:feedbackType>
					<imsqti:solutionAvailable>true</imsqti:solutionAvailable>
				</imsqti:qtiMetadata>
			</metadata>
						
		</resource>
				<resource identifier="category6-question108" type="imsqti_item_xmlv2p0" href="./category6-question108.xml">
			<metadata>
				<schema>IMS QTI Item</schema>
				<schemaversion>2.0</schemaversion>
				<imsmd:lom>
					<imsmd:general>
						<imsmd:identifier>category6-question108</imsmd:identifier>
						<imsmd:title>
							<imsmd:langstring xml:lang="en_utf8">TESTING: tester reporting</imsmd:langstring>
						</imsmd:title>
						<imsmd:description>
							<imsmd:langstring xml:lang="en">Question 108 from category 6</imsmd:langstring>
						</imsmd:description>
					</imsmd:general>
					<imsmd:lifecycle>
						<imsmd:version>
							<imsmd:langstring xml:lang="en">1.0</imsmd:langstring>
						</imsmd:version>
						<imsmd:status>
							<imsmd:source>
								<imsmd:langstring xml:lang="en">LOMv1.0</imsmd:langstring>
							</imsmd:source>
							<imsmd:value>
								<imsmd:langstring xml:lang="en">Draft</imsmd:langstring>
							</imsmd:value>
						</imsmd:status>
					</imsmd:lifecycle>
				</imsmd:lom>
				<imsqti:qtiMetadata>
					<imsqti:timeDependent>false</imsqti:timeDependent>
					<imsqti:interactionType>choiceInteraction</imsqti:interactionType>
					<imsqti:canComputerScore>true</imsqti:canComputerScore>
					<imsqti:feedbackType>nonadaptive</imsqti:feedbackType>
					<imsqti:solutionAvailable>true</imsqti:solutionAvailable>
				</imsqti:qtiMetadata>
			</metadata>
						
		</resource>
			</resources>
</manifest>