<?xml version="1.0" encoding="UTF-8"?><assessmentItem xmlns="http://www.imsglobal.org/xsd/imsqti_item_v2p0" xmlns:xsi="http://www.w3.org/2001/XMLSchema-instance" xsi:schemaLocation="http://www.imsglobal.org/xsd/imsqti_item_v2p0 ./imsqti_item_v2p0.xsd" identifier="question28" title="Estimates: process" adaptive="false" timeDependent="false">
	<responseDeclaration identifier="question28shortanswer" cardinality="single" baseType="string">
		<correctResponse>
					<value>subjective</value>
				</correctResponse>
		<mapping lowerBound="0" upperBound="1" defaultValue="0">
				    			<mapEntry mapKey="subjective" mappedValue="1" />
							</mapping>
	</responseDeclaration>
	<outcomeDeclaration identifier="SCORE" cardinality="single" baseType="float"/>
	<itemBody>
		<p>Estimates are a highly _____ process</p>
		<div class="interactive.textEntry">
            <textEntryInteraction responseIdentifier="question28shortanswer" expectedLength="15"/>
		</div>
		</itemBody>
	<responseProcessing xmlns="http://www.imsglobal.org/xsd/imsqti_item_v2p0" xmlns:xsi="http://www.w3.org/2001/XMLSchema-instance" xsi:schemaLocation="http://www.imsglobal.org/xsd/imsqti_item_v2p0 ../imsqti_item_v2p0.xsd">
		<responseCondition>
			<responseIf>
				<isNull>
					<variable identifier="question28shortanswer"/>
				</isNull>
				<setOutcomeValue identifier="SCORE">
					<baseValue baseType="integer">0</baseValue>
				</setOutcomeValue>
			</responseIf>
			<responseElse>
				<setOutcomeValue identifier="SCORE">
					<mapResponse identifier="question28shortanswer"/>
				</setOutcomeValue>
			</responseElse>
		</responseCondition>
	</responseProcessing>
</assessmentItem>
