<assessmentItem xmlns="http://www.imsglobal.org/xsd/imsqti_item_v2p0" xmlns:xsi="http://www.w3.org/2001/XMLSchema-instance" xsi:schemaLocation="http://www.imsglobal.org/xsd/imsqti_item_v2p0 ./imsqti_item_v2p0.xsd" identifier="question12" title="EV term matching" adaptive="false" timeDependent="false">
	<responseDeclaration identifier="question12matching" cardinality="multiple" baseType="directedPair">
		<correctResponse>
   						<value>q1 a1</value>
   						<value>q2 a2</value>
   						<value>q3 a3</value>
   				</correctResponse>

		<mapping defaultValue="0">
   		   		   <mapEntry mapKey="q1 a1" mappedValue="1"/>
   		   		   <mapEntry mapKey="q2 a2" mappedValue="1"/>
   		   		   <mapEntry mapKey="q3 a3" mappedValue="1"/>
   				</mapping>
	</responseDeclaration>
	<outcomeDeclaration identifier="SCORE" cardinality="single" baseType="float"/>

	<itemBody>
		<p>Match the acronym with the informal definition of the concept it represents.</p>
		<div class="interactive.match">
			<matchInteraction responseIdentifier="question12matching" shuffle="false" maxAssociations="3">
				<simpleMatchSet>
           		    				<simpleAssociableChoice identifier="q1" matchMax="1">This is the costs spent on the project to date</simpleAssociableChoice>
           		    				<simpleAssociableChoice identifier="q2" matchMax="1">This is the original planned cost of doing the work that has been completed so far</simpleAssociableChoice>
           		    				<simpleAssociableChoice identifier="q3" matchMax="1">This is how much the work is expected to cost over the lifetime of the project</simpleAssociableChoice>
           						</simpleMatchSet>
				<simpleMatchSet>
           		    				<simpleAssociableChoice identifier="a1" matchMax="3">ACWP</simpleAssociableChoice>
           		    				<simpleAssociableChoice identifier="a2" matchMax="3">BCWP</simpleAssociableChoice>
           		    				<simpleAssociableChoice identifier="a3" matchMax="3">BCWS</simpleAssociableChoice>
           						</simpleMatchSet>
			</matchInteraction>
		</div>
		</itemBody>
	<responseProcessing xmlns="http://www.imsglobal.org/xsd/imsqti_item_v2p0" xmlns:xsi="http://www.w3.org/2001/XMLSchema-instance" xsi:schemaLocation="http://www.imsglobal.org/xsd/imsqti_item_v2p0 ../imsqti_item_v2p0.xsd">
		<responseCondition>

			<responseIf>
				<isNull>
					<variable identifier="question12matching"/>
				</isNull>
				<setOutcomeValue identifier="SCORE">
					<baseValue baseType="integer">0</baseValue>
				</setOutcomeValue>
			</responseIf>

			<responseElse>
				<setOutcomeValue identifier="SCORE">
					<mapResponse identifier="question12matching"/>
				</setOutcomeValue>
			</responseElse>
		</responseCondition>
	</responseProcessing>
</assessmentItem>
