<?xml version="1.0" encoding="UTF-8"?><assessmentItem xmlns="http://www.imsglobal.org/xsd/imsqti_item_v2p0" xmlns:xsi="http://www.w3.org/2001/XMLSchema-instance" xsi:schemaLocation="http://www.imsglobal.org/xsd/imsqti_item_v2p0 ./imsqti_item_v2p0.xsd" identifier="question59" title="DEFECT C: Fix time" adaptive="false" timeDependent="false">
	<responseDeclaration identifier="question59shortanswer" cardinality="single" baseType="string">
		<correctResponse>
					<value>10</value>
				</correctResponse>
		<mapping lowerBound="0" upperBound="1" defaultValue="0">
				    			<mapEntry mapKey="10" mappedValue="1" />
							    				    				</mapping>
	</responseDeclaration>
	<outcomeDeclaration identifier="SCORE" cardinality="single" baseType="float"/>
	<itemBody>
		<p>According to Humphrey, a Requirements defect that takes one hour to fix in-phase takes ____ hours to fix in the Coding phase</p>
		<div class="interactive.textEntry">
            <textEntryInteraction responseIdentifier="question59shortanswer" expectedLength="15"/>
		</div>
		</itemBody>
	<responseProcessing xmlns="http://www.imsglobal.org/xsd/imsqti_item_v2p0" xmlns:xsi="http://www.w3.org/2001/XMLSchema-instance" xsi:schemaLocation="http://www.imsglobal.org/xsd/imsqti_item_v2p0 ../imsqti_item_v2p0.xsd">
		<responseCondition>
			<responseIf>
				<isNull>
					<variable identifier="question59shortanswer"/>
				</isNull>
				<setOutcomeValue identifier="SCORE">
					<baseValue baseType="integer">0</baseValue>
				</setOutcomeValue>
			</responseIf>
			<responseElse>
				<setOutcomeValue identifier="SCORE">
					<mapResponse identifier="question59shortanswer"/>
				</setOutcomeValue>
			</responseElse>
		</responseCondition>
	</responseProcessing>
</assessmentItem>
