<?xml version="1.0" encoding="UTF-8"?><assessmentItem xmlns="http://www.imsglobal.org/xsd/imsqti_item_v2p0" xmlns:xsi="http://www.w3.org/2001/XMLSchema-instance" xsi:schemaLocation="http://www.imsglobal.org/xsd/imsqti_item_v2p0 ./imsqti_item_v2p0.xsd" identifier="question110" title="TESTING: Automation vs. manual" adaptive="false" timeDependent="false">
	<responseDeclaration identifier="question110truefalse" cardinality="single" baseType="identifier">
		<correctResponse>
			<value></value>
		</correctResponse>
		<mapping defaultValue="0">
			<mapEntry mapKey="" mappedValue=""/>
		</mapping>

	</responseDeclaration>
	<outcomeDeclaration identifier="SCORE" cardinality="single" baseType="float">
		<defaultValue>
			<value>0</value>
		</defaultValue>
	</outcomeDeclaration>
	<itemBody>
		<p>Defining automated tests takes more effort than manual testing.</p>
		<div class="intreactive.choiceSimple">
			<choiceInteraction responseIdentifier="question110truefalse" shuffle="false" maxChoices="1">
    						<simpleChoice identifier="">True                
								</simpleChoice>
    						<simpleChoice identifier="">False                
								</simpleChoice>
    					</choiceInteraction>
			</div>
	</itemBody>
	<responseProcessing xmlns="http://www.imsglobal.org/xsd/imsqti_item_v2p0" xmlns:xsi="http://www.w3.org/2001/XMLSchema-instance" xsi:schemaLocation="http://www.imsglobal.org/xsd/imsqti_item_v2p0 ../imsqti_item_v2p0.xsd">
		<responseCondition>
			<responseIf>

				<match>
					<variable identifier="question110truefalse"/>
					<correct identifier="question110truefalse"/>
				</match>
				<setOutcomeValue identifier="SCORE">
					<baseValue baseType="float">1</baseValue>
				</setOutcomeValue>
			</responseIf>

			<responseElse>
				<setOutcomeValue identifier="SCORE">
					<baseValue baseType="float">0</baseValue>
				</setOutcomeValue>
			</responseElse>
		</responseCondition>
        <setOutcomeValue identifier="FEEDBACK">
            <variable identifier="question110truefalse"/>
        </setOutcomeValue>		
	</responseProcessing>
	        	        	</assessmentItem>
