<assessmentItem xmlns="http://www.imsglobal.org/xsd/imsqti_item_v2p0" xmlns:xsi="http://www.w3.org/2001/XMLSchema-instance" xsi:schemaLocation="http://www.imsglobal.org/xsd/imsqti_item_v2p0 ./imsqti_item_v2p0.xsd" identifier="question33" title="Estimation: methods" adaptive="false" timeDependent="false">
	<responseDeclaration identifier="question33matching" cardinality="multiple" baseType="directedPair">
		<correctResponse>
   						<value>q13 a13</value>
   						<value>q14 a14</value>
   						<value>q15 a15</value>
   						<value>q16 a16</value>
   				</correctResponse>

		<mapping defaultValue="0">
   		   		   <mapEntry mapKey="q13 a13" mappedValue="1"/>
   		   		   <mapEntry mapKey="q14 a14" mappedValue="1"/>
   		   		   <mapEntry mapKey="q15 a15" mappedValue="1"/>
   		   		   <mapEntry mapKey="q16 a16" mappedValue="1"/>
   				</mapping>
	</responseDeclaration>
	<outcomeDeclaration identifier="SCORE" cardinality="single" baseType="float"/>

	<itemBody>
		<p>Match the estimation method with its description</p>
		<div class="interactive.match">
			<matchInteraction responseIdentifier="question33matching" shuffle="false" maxAssociations="4">
				<simpleMatchSet>
           		    				<simpleAssociableChoice identifier="q13" matchMax="1">A technique where an individual makes an estimate based on a similar software module s/he had previously constructed.</simpleAssociableChoice>
           		    				<simpleAssociableChoice identifier="q14" matchMax="1">An algorithmic estimation technique where variables representing different project attributes are input and a single value is output.</simpleAssociableChoice>
           		    				<simpleAssociableChoice identifier="q15" matchMax="1">An Agile method of negotiation where developers and customers work together to agree on estimates and priorities.</simpleAssociableChoice>
           		    				<simpleAssociableChoice identifier="q16" matchMax="1">Am iterative team-oriented process where successive rounds are meant to help the team converge on an agreed estimate</simpleAssociableChoice>
           						</simpleMatchSet>
				<simpleMatchSet>
           		    				<simpleAssociableChoice identifier="a13" matchMax="4">Proxy-based Estimating (PROBE)</simpleAssociableChoice>
           		    				<simpleAssociableChoice identifier="a14" matchMax="4">Constructive Cost Model (COCOMO)</simpleAssociableChoice>
           		    				<simpleAssociableChoice identifier="a15" matchMax="4">The Planning Game</simpleAssociableChoice>
           		    				<simpleAssociableChoice identifier="a16" matchMax="4">Wideband Delphi</simpleAssociableChoice>
           						</simpleMatchSet>
			</matchInteraction>
		</div>
		</itemBody>
	<responseProcessing xmlns="http://www.imsglobal.org/xsd/imsqti_item_v2p0" xmlns:xsi="http://www.w3.org/2001/XMLSchema-instance" xsi:schemaLocation="http://www.imsglobal.org/xsd/imsqti_item_v2p0 ../imsqti_item_v2p0.xsd">
		<responseCondition>

			<responseIf>
				<isNull>
					<variable identifier="question33matching"/>
				</isNull>
				<setOutcomeValue identifier="SCORE">
					<baseValue baseType="integer">0</baseValue>
				</setOutcomeValue>
			</responseIf>

			<responseElse>
				<setOutcomeValue identifier="SCORE">
					<mapResponse identifier="question33matching"/>
				</setOutcomeValue>
			</responseElse>
		</responseCondition>
	</responseProcessing>
</assessmentItem>
