<?xml version="1.0" encoding="UTF-8"?><assessmentItem xmlns="http://www.imsglobal.org/xsd/imsqti_item_v2p0" xmlns:xsi="http://www.w3.org/2001/XMLSchema-instance" xsi:schemaLocation="http://www.imsglobal.org/xsd/imsqti_item_v2p0 ./imsqti_item_v2p0.xsd" identifier="question44" title="Risk: RE calculation" adaptive="false" timeDependent="false">
	<responseDeclaration identifier="question44numerical" cardinality="single" baseType="float">
		<correctResponse>
			<value></value>
		</correctResponse>
		<mapping defaultValue="0">
			<mapEntry mapKey="" mappedValue="" />
		</mapping>
	</responseDeclaration>
	<outcomeDeclaration identifier="SCORE" cardinality="single" baseType="float"/>
	<itemBody>
		<p>Suppose the probability of some unfortunate outcome on your project is 20%, and the loss would be defined as 30 hours of extra work time. What is the resulting risk exposure?</p>
		<div class="interactive.textEntry">
            <textEntryInteraction responseIdentifier="question44numerical" expectedLength="10"/>
		</div>
		</itemBody>
	<responseProcessing xmlns="http://www.imsglobal.org/xsd/imsqti_item_v2p0" xmlns:xsi="http://www.w3.org/2001/XMLSchema-instance" xsi:schemaLocation="http://www.imsglobal.org/xsd/imsqti_item_v2p0 ../imsqti_item_v2p0.xsd">
		<responseCondition>
			<responseIf>
				<and>
				<not>
					<isNull>
						<variable identifier="question44numerical" />
					</isNull>
				</not>
				<gte>
					<baseValue baseType="float">6</baseValue>
					<variable identifier="question44numerical" />
				</gte>
				<lte>
					<baseValue baseType="float">6</baseValue>
					<variable identifier="question44numerical" />
				</lte>
				</and>
				<setOutcomeValue identifier="SCORE">
					<baseValue baseType="integer">1</baseValue>
				</setOutcomeValue>
			</responseIf>
			<responseElse>
				<setOutcomeValue identifier="SCORE">
					<baseValue baseType="integer">0</baseValue>
				</setOutcomeValue>
			</responseElse>
		</responseCondition>
        <setOutcomeValue identifier="FEEDBACK">
            <variable identifier="question44numerical"/>
        </setOutcomeValue>		
	</responseProcessing>
</assessmentItem>
