<?xml version="1.0" encoding="UTF-8"?><assessmentItem xmlns="http://www.imsglobal.org/xsd/imsqti_item_v2p0" xmlns:xsi="http://www.w3.org/2001/XMLSchema-instance" xsi:schemaLocation="http://www.imsglobal.org/xsd/imsqti_item_v2p0 ./imsqti_item_v2p0.xsd" identifier="question50" title="Risk: RE relative scale" adaptive="false" timeDependent="false">
	<responseDeclaration identifier="question50shortanswer" cardinality="multiple" baseType="string">
		<correctResponse>
					<value>relative scale</value>
					<value>*relative*</value>
				</correctResponse>
		<mapping lowerBound="0" upperBound="1" defaultValue="0">
				    			<mapEntry mapKey="relative scale" mappedValue="1" />
							    			<mapEntry mapKey="*relative*" mappedValue="0.5" />
							</mapping>
	</responseDeclaration>
	<outcomeDeclaration identifier="SCORE" cardinality="single" baseType="float"/>
	<itemBody>
		<p>One possible way to address the problem of accurately estimating P(UO) and L(UO) is to use values on a ____________ of 0 to 10.</p>
		<div class="interactive.textEntry">
            <textEntryInteraction responseIdentifier="question50shortanswer" expectedLength="15"/>
		</div>
		</itemBody>
	<responseProcessing xmlns="http://www.imsglobal.org/xsd/imsqti_item_v2p0" xmlns:xsi="http://www.w3.org/2001/XMLSchema-instance" xsi:schemaLocation="http://www.imsglobal.org/xsd/imsqti_item_v2p0 ../imsqti_item_v2p0.xsd">
		<responseCondition>
			<responseIf>
				<isNull>
					<variable identifier="question50shortanswer"/>
				</isNull>
				<setOutcomeValue identifier="SCORE">
					<baseValue baseType="integer">0</baseValue>
				</setOutcomeValue>
			</responseIf>
			<responseElse>
				<setOutcomeValue identifier="SCORE">
					<mapResponse identifier="question50shortanswer"/>
				</setOutcomeValue>
			</responseElse>
		</responseCondition>
	</responseProcessing>
</assessmentItem>
