<?xml version="1.0" encoding="UTF-8"?><assessmentItem xmlns="http://www.imsglobal.org/xsd/imsqti_item_v2p0" xmlns:xsi="http://www.w3.org/2001/XMLSchema-instance" xsi:schemaLocation="http://www.imsglobal.org/xsd/imsqti_item_v2p0 ./imsqti_item_v2p0.xsd" identifier="question156" title="EXAM: Test2" adaptive="false" timeDependent="false">
	<responseDeclaration identifier="question156Unknown" cardinality="single" baseType="string"/>
	<outcomeDeclaration identifier="SCORE" cardinality="single" baseType="integer"/>
	<itemBody>
		<p>This question type (Unknown: type Unknown)  has not yet been implemented</p>
		<div class="interactive.textEntry">
			<textEntryInteraction responseIdentifier="question156Unknown" expectedLength="200"></textEntryInteraction>
		</div>
		</itemBody>
</assessmentItem>
