<assessmentItem xmlns="http://www.imsglobal.org/xsd/imsqti_item_v2p0" xmlns:xsi="http://www.w3.org/2001/XMLSchema-instance" xsi:schemaLocation="http://www.imsglobal.org/xsd/imsqti_item_v2p0 ./imsqti_item_v2p0.xsd" identifier="question155" title="EXAM: Test1" adaptive="false" timeDependent="false">
	<responseDeclaration identifier="question155matching" cardinality="multiple" baseType="directedPair">
		<correctResponse>
   						<value>q36 a36</value>
   						<value>q37 a37</value>
   						<value>q38 a38</value>
   						<value>q39 a39</value>
   						<value>q40 a40</value>
   						<value>q41 a41</value>
   				</correctResponse>

		<mapping defaultValue="0">
   		   		   <mapEntry mapKey="q36 a36" mappedValue="1"/>
   		   		   <mapEntry mapKey="q37 a37" mappedValue="1"/>
   		   		   <mapEntry mapKey="q38 a38" mappedValue="1"/>
   		   		   <mapEntry mapKey="q39 a39" mappedValue="1"/>
   		   		   <mapEntry mapKey="q40 a40" mappedValue="1"/>
   		   		   <mapEntry mapKey="q41 a41" mappedValue="1"/>
   				</mapping>
	</responseDeclaration>
	<outcomeDeclaration identifier="SCORE" cardinality="single" baseType="float"/>

	<itemBody>
		<p>Match the test type with the appropriate description</p>
		<div class="interactive.match">
			<matchInteraction responseIdentifier="question155matching" shuffle="false" maxAssociations="6">
				<simpleMatchSet>
           		    				<simpleAssociableChoice identifier="q36" matchMax="1">Tests a module against &quot;ground truth&quot;</simpleAssociableChoice>
           		    				<simpleAssociableChoice identifier="q37" matchMax="1">You think your product is 100% ready to go</simpleAssociableChoice>
           		    				<simpleAssociableChoice identifier="q38" matchMax="1">Often has contractual implications</simpleAssociableChoice>
           		    				<simpleAssociableChoice identifier="q39" matchMax="1">Tests system performance under a heavy load</simpleAssociableChoice>
           		    				<simpleAssociableChoice identifier="q40" matchMax="1">These tests are done by developers</simpleAssociableChoice>
           		    				<simpleAssociableChoice identifier="q41" matchMax="1">Tests the interfaces between components</simpleAssociableChoice>
           						</simpleMatchSet>
				<simpleMatchSet>
           		    				<simpleAssociableChoice identifier="a36" matchMax="6">Benchmark test</simpleAssociableChoice>
           		    				<simpleAssociableChoice identifier="a37" matchMax="6">Release Candidate</simpleAssociableChoice>
           		    				<simpleAssociableChoice identifier="a38" matchMax="6">Acceptance test</simpleAssociableChoice>
           		    				<simpleAssociableChoice identifier="a39" matchMax="6">Stress test</simpleAssociableChoice>
           		    				<simpleAssociableChoice identifier="a40" matchMax="6">Unit test</simpleAssociableChoice>
           		    				<simpleAssociableChoice identifier="a41" matchMax="6">Integration test</simpleAssociableChoice>
           						</simpleMatchSet>
			</matchInteraction>
		</div>
		</itemBody>
	<responseProcessing xmlns="http://www.imsglobal.org/xsd/imsqti_item_v2p0" xmlns:xsi="http://www.w3.org/2001/XMLSchema-instance" xsi:schemaLocation="http://www.imsglobal.org/xsd/imsqti_item_v2p0 ../imsqti_item_v2p0.xsd">
		<responseCondition>

			<responseIf>
				<isNull>
					<variable identifier="question155matching"/>
				</isNull>
				<setOutcomeValue identifier="SCORE">
					<baseValue baseType="integer">0</baseValue>
				</setOutcomeValue>
			</responseIf>

			<responseElse>
				<setOutcomeValue identifier="SCORE">
					<mapResponse identifier="question155matching"/>
				</setOutcomeValue>
			</responseElse>
		</responseCondition>
	</responseProcessing>
</assessmentItem>
