<assessmentItem xmlns="http://www.imsglobal.org/xsd/imsqti_item_v2p0" xmlns:xsi="http://www.w3.org/2001/XMLSchema-instance" xsi:schemaLocation="http://www.imsglobal.org/xsd/imsqti_item_v2p0 ./imsqti_item_v2p0.xsd" identifier="question34" title="Estimation: Reasons for poor estimates" adaptive="false" timeDependent="false">
	<responseDeclaration identifier="question34matching" cardinality="multiple" baseType="directedPair">
		<correctResponse>
   						<value>q17 a17</value>
   						<value>q18 a18</value>
   						<value>q19 a19</value>
   						<value>q20 a20</value>
   				</correctResponse>

		<mapping defaultValue="0">
   		   		   <mapEntry mapKey="q17 a17" mappedValue="1"/>
   		   		   <mapEntry mapKey="q18 a18" mappedValue="1"/>
   		   		   <mapEntry mapKey="q19 a19" mappedValue="1"/>
   		   		   <mapEntry mapKey="q20 a20" mappedValue="1"/>
   				</mapping>
	</responseDeclaration>
	<outcomeDeclaration identifier="SCORE" cardinality="single" baseType="float"/>

	<itemBody>
		<p>Match the estimation problem with a possible cause of that problem</p>
		<div class="interactive.match">
			<matchInteraction responseIdentifier="question34matching" shuffle="false" maxAssociations="4">
				<simpleMatchSet>
           		    				<simpleAssociableChoice identifier="q17" matchMax="1">Overoptimism by software engineers</simpleAssociableChoice>
           		    				<simpleAssociableChoice identifier="q18" matchMax="1">A fear of reprisal</simpleAssociableChoice>
           		    				<simpleAssociableChoice identifier="q19" matchMax="1">The project leader is the sole source of the estimate</simpleAssociableChoice>
           		    				<simpleAssociableChoice identifier="q20" matchMax="1">Deadline-driven estimation</simpleAssociableChoice>
           						</simpleMatchSet>
				<simpleMatchSet>
           		    				<simpleAssociableChoice identifier="a17" matchMax="4">padded estimates</simpleAssociableChoice>
           		    				<simpleAssociableChoice identifier="a18" matchMax="4">padded estimates</simpleAssociableChoice>
           		    				<simpleAssociableChoice identifier="a19" matchMax="4">self-fulfilling prophecy</simpleAssociableChoice>
           		    				<simpleAssociableChoice identifier="a20" matchMax="4">self-fulfilling prophecy</simpleAssociableChoice>
           						</simpleMatchSet>
			</matchInteraction>
		</div>
		</itemBody>
	<responseProcessing xmlns="http://www.imsglobal.org/xsd/imsqti_item_v2p0" xmlns:xsi="http://www.w3.org/2001/XMLSchema-instance" xsi:schemaLocation="http://www.imsglobal.org/xsd/imsqti_item_v2p0 ../imsqti_item_v2p0.xsd">
		<responseCondition>

			<responseIf>
				<isNull>
					<variable identifier="question34matching"/>
				</isNull>
				<setOutcomeValue identifier="SCORE">
					<baseValue baseType="integer">0</baseValue>
				</setOutcomeValue>
			</responseIf>

			<responseElse>
				<setOutcomeValue identifier="SCORE">
					<mapResponse identifier="question34matching"/>
				</setOutcomeValue>
			</responseElse>
		</responseCondition>
	</responseProcessing>
</assessmentItem>
